-- phpMyAdmin SQL Dump
-- version 3.1.3.1
-- http://www.phpmyadmin.net
--
-- Host: localhost
-- Generation Time: Oct 19, 2010 at 05:25 AM
-- Server version: 5.0.51
-- PHP Version: 5.2.9-2

SET SQL_MODE="NO_AUTO_VALUE_ON_ZERO";


/*!40101 SET @OLD_CHARACTER_SET_CLIENT=@@CHARACTER_SET_CLIENT */;
/*!40101 SET @OLD_CHARACTER_SET_RESULTS=@@CHARACTER_SET_RESULTS */;
/*!40101 SET @OLD_COLLATION_CONNECTION=@@COLLATION_CONNECTION */;
/*!40101 SET NAMES utf8 */;

--
-- Database: `applicant_assessment_db`
--

-- --------------------------------------------------------

--
-- Table structure for table `answer`
--

CREATE TABLE IF NOT EXISTS `answer` (
  `answer_id` int(11) NOT NULL auto_increment,
  `answer` text NOT NULL,
  `answer_date` datetime NOT NULL,
  `answer_last_update` datetime default NULL,
  PRIMARY KEY  (`answer_id`)
) ENGINE=MyISAM  DEFAULT CHARSET=latin1 AUTO_INCREMENT=98 ;

--
-- Dumping data for table `answer`
--

INSERT INTO `answer` (`answer_id`, `answer`, `answer_date`, `answer_last_update`) VALUES
(20, 'describe an action word', '2010-03-20 16:36:40', '0000-00-00 00:00:00'),
(19, 'proper name of a word', '2010-03-20 16:34:19', '0000-00-00 00:00:00'),
(18, 'action word', '2010-03-20 16:34:19', '0000-00-00 00:00:00'),
(17, 'defines a word', '2010-03-20 16:34:19', '0000-00-00 00:00:00'),
(21, 'Marseillies', '2010-03-20 16:44:36', '0000-00-00 00:00:00'),
(22, 'Paris', '2010-03-20 16:44:36', '0000-00-00 00:00:00'),
(23, 'Nice', '2010-03-20 16:44:36', '0000-00-00 00:00:00'),
(24, 'Lyon', '2010-03-20 16:44:36', '0000-00-00 00:00:00'),
(25, 'proper name of the word', '2010-03-20 16:48:12', '0000-00-00 00:00:00'),
(26, 'describes an action word', '2010-03-20 16:49:30', '0000-00-00 00:00:00'),
(27, '5', '2010-03-20 16:51:40', '0000-00-00 00:00:00'),
(28, '3', '2010-03-20 16:51:40', '0000-00-00 00:00:00'),
(29, '4', '2010-03-20 16:51:40', '0000-00-00 00:00:00'),
(30, '8', '2010-03-20 16:51:40', '0000-00-00 00:00:00'),
(31, 'Munich', '2010-03-20 16:59:25', '0000-00-00 00:00:00'),
(32, 'Humberg', '2010-03-20 16:59:25', '0000-00-00 00:00:00'),
(33, 'Berlin', '2010-03-20 16:59:25', '0000-00-00 00:00:00'),
(34, 'Brussels', '2010-03-20 16:59:25', '0000-00-00 00:00:00'),
(35, 'Stockholm', '2010-03-20 17:06:13', '0000-00-00 00:00:00'),
(36, 'Ottawa', '2010-03-20 17:06:13', '0000-00-00 00:00:00'),
(37, 'Wellington', '2010-03-20 17:06:13', '0000-00-00 00:00:00'),
(38, 'Ulan Bator', '2010-03-20 17:06:13', '0000-00-00 00:00:00'),
(39, 'an opposite meaning of a certain word', '2010-03-20 22:28:53', '0000-00-00 00:00:00'),
(40, 'defines an action word', '2010-03-20 22:34:08', '0000-00-00 00:00:00'),
(41, 'Beijing', '2010-03-21 16:18:59', '0000-00-00 00:00:00'),
(42, 'Shenzen', '2010-03-21 16:18:59', '0000-00-00 00:00:00'),
(43, 'Shanghai', '2010-03-21 16:18:59', '0000-00-00 00:00:00'),
(44, 'proper name of word', '2010-03-21 16:20:10', '0000-00-00 00:00:00'),
(45, 'Marsellies', '2010-03-21 16:21:15', '0000-00-00 00:00:00'),
(46, '2', '2010-03-21 16:21:43', '0000-00-00 00:00:00'),
(47, '0', '2010-03-21 16:23:05', '0000-00-00 00:00:00'),
(48, 'x', '2010-03-21 16:23:05', '0000-00-00 00:00:00'),
(49, 'Harare', '2010-03-21 16:24:07', '0000-00-00 00:00:00'),
(50, 'Nairobi', '2010-03-21 16:24:07', '0000-00-00 00:00:00'),
(51, 'Amman', '2010-03-21 16:24:07', '0000-00-00 00:00:00'),
(52, 'New Delhi', '2010-03-21 16:25:34', '0000-00-00 00:00:00'),
(53, 'Istanbul', '2010-03-21 16:25:34', '0000-00-00 00:00:00'),
(54, 'Gaza', '2010-03-21 16:25:34', '0000-00-00 00:00:00'),
(55, 'Davao', '2010-03-21 16:27:08', '0000-00-00 00:00:00'),
(56, 'Cebu', '2010-03-21 16:27:08', '0000-00-00 00:00:00'),
(57, 'Manila', '2010-03-21 16:27:08', '0000-00-00 00:00:00'),
(58, 'Tokyo', '2010-03-21 16:29:49', '0000-00-00 00:00:00'),
(59, 'Nairobo', '2010-03-21 16:29:49', '0000-00-00 00:00:00'),
(60, 'defines a noun', '2010-03-24 22:07:16', '0000-00-00 00:00:00'),
(61, 'planning', '2010-03-30 14:23:02', '0000-00-00 00:00:00'),
(62, 'are planning', '2010-03-30 14:23:02', '0000-00-00 00:00:00'),
(63, 'with a plan', '2010-03-30 14:23:02', '0000-00-00 00:00:00'),
(64, 'plans', '2010-03-30 14:23:02', '0000-00-00 00:00:00'),
(65, 'listless', '2010-03-30 14:27:33', '0000-00-00 00:00:00'),
(66, 'noxious', '2010-03-30 14:27:33', '0000-00-00 00:00:00'),
(67, 'tiresome', '2010-03-30 14:27:33', '0000-00-00 00:00:00'),
(68, 'inspiring', '2010-03-30 14:27:33', '0000-00-00 00:00:00'),
(69, 'flourish', '2010-03-30 14:29:10', '0000-00-00 00:00:00'),
(70, 'attack', '2010-03-30 14:29:10', '0000-00-00 00:00:00'),
(71, 'enfold', '2010-03-30 14:29:10', '0000-00-00 00:00:00'),
(72, 'decorate', '2010-03-30 14:29:10', '0000-00-00 00:00:00'),
(73, 'prey', '2010-03-30 14:31:41', '0000-00-00 00:00:00'),
(74, 'argument', '2010-03-30 14:31:41', '0000-00-00 00:00:00'),
(75, 'decoy', '2010-03-30 14:31:41', '0000-00-00 00:00:00'),
(76, 'excavation', '2010-03-30 14:31:41', '0000-00-00 00:00:00'),
(77, 'you', '2010-03-30 14:32:56', '0000-00-00 00:00:00'),
(78, 'he', '2010-03-30 14:32:56', '0000-00-00 00:00:00'),
(79, 'they', '2010-03-30 14:32:56', '0000-00-00 00:00:00'),
(80, 'have', '2010-03-30 14:35:51', '0000-00-00 00:00:00'),
(81, 'has', '2010-03-30 14:35:51', '0000-00-00 00:00:00'),
(82, 'did', '2010-03-30 14:35:51', '0000-00-00 00:00:00'),
(83, 'waterskiing', '2010-03-30 14:38:41', '0000-00-00 00:00:00'),
(84, 'windsurfing', '2010-03-30 14:38:41', '0000-00-00 00:00:00'),
(85, 'to sail', '2010-03-30 14:38:41', '0000-00-00 00:00:00'),
(86, 'canoe', '2010-03-30 14:38:41', '0000-00-00 00:00:00'),
(87, 'real', '2010-03-30 14:39:44', '0000-00-00 00:00:00'),
(88, 'almost', '2010-03-30 14:39:44', '0000-00-00 00:00:00'),
(89, 'really', '2010-03-30 14:39:44', '0000-00-00 00:00:00'),
(90, 'therefore', '2010-03-30 14:40:29', '0000-00-00 00:00:00'),
(91, 'for example', '2010-03-30 14:40:29', '0000-00-00 00:00:00'),
(92, 'meanwhile', '2010-03-30 14:40:29', '0000-00-00 00:00:00'),
(93, 'himself', '2010-03-30 14:41:21', '0000-00-00 00:00:00'),
(94, 'him', '2010-03-30 14:41:21', '0000-00-00 00:00:00'),
(95, 'jkjdlkasjd', '2010-08-02 15:45:26', NULL),
(96, 'jdkasljdakl', '2010-08-02 15:45:26', NULL),
(97, 'jdlksajd', '2010-08-02 15:45:26', NULL);

-- --------------------------------------------------------

--
-- Table structure for table `choice`
--

CREATE TABLE IF NOT EXISTS `choice` (
  `choice_id` int(11) NOT NULL auto_increment,
  `choice` varchar(100) NOT NULL,
  PRIMARY KEY  (`choice_id`)
) ENGINE=MyISAM  DEFAULT CHARSET=latin1 AUTO_INCREMENT=6 ;

--
-- Dumping data for table `choice`
--

INSERT INTO `choice` (`choice_id`, `choice`) VALUES
(1, 'Very Accurate'),
(2, 'Moderately Accurate'),
(3, 'Neither Accurate nor Inaccurate'),
(4, 'Moderately Inaccurate'),
(5, 'Very Inaccurate');

-- --------------------------------------------------------

--
-- Table structure for table `examinee`
--

CREATE TABLE IF NOT EXISTS `examinee` (
  `examinee_id` int(11) NOT NULL auto_increment,
  `examinee_first` varchar(30) NOT NULL,
  `examinee_last` varchar(30) NOT NULL,
  `examinee_middle` varchar(30) NOT NULL,
  `examinee_age` smallint(6) NOT NULL,
  `examinee_gender` varchar(8) NOT NULL,
  `examinee_address` text NOT NULL,
  `examinee_high` varchar(250) NOT NULL,
  `examinee_high_address` varchar(300) NOT NULL,
  `examinee_high_awards` varchar(250) NOT NULL,
  `examinee_college` varchar(250) NOT NULL,
  `examinee_course` varchar(250) NOT NULL,
  `examinee_college_address` varchar(300) NOT NULL,
  `examinee_college_awards` varchar(250) NOT NULL,
  `examinee_company_one` varchar(250) NOT NULL default 'None',
  `examinee_experience_one` smallint(6) NOT NULL default '0',
  `examinee_reference_one` varchar(250) NOT NULL default 'None',
  `examinee_company_two` varchar(250) NOT NULL default 'None',
  `examinee_experience_two` smallint(6) NOT NULL default '0',
  `examinee_reference_two` varchar(250) NOT NULL default 'None',
  PRIMARY KEY  (`examinee_id`)
) ENGINE=MyISAM  DEFAULT CHARSET=latin1 AUTO_INCREMENT=52 ;

--
-- Dumping data for table `examinee`
--

INSERT INTO `examinee` (`examinee_id`, `examinee_first`, `examinee_last`, `examinee_middle`, `examinee_age`, `examinee_gender`, `examinee_address`, `examinee_high`, `examinee_high_address`, `examinee_high_awards`, `examinee_college`, `examinee_course`, `examinee_college_address`, `examinee_college_awards`, `examinee_company_one`, `examinee_experience_one`, `examinee_reference_one`, `examinee_company_two`, `examinee_experience_two`, `examinee_reference_two`) VALUES
(31, 'test', 'Testing', 'jfldkjf', 19, 'Male', 'jdsl', 'kjdksj', 'kjdksj', 'kjsdkj', 'kjsdkj', '', 'kjdksj', 'kjdsd', 'sdjkj', 9, 'jsdjsd', 'ksjdsljd', 8, 'kdksldsl'),
(30, 'test', 'Test', 'jkljj', 8, 'Male', 'jlkj', 'jlkjj', 'lkdjsjd', 'kjlkj', 'jlkjklj', '', 'jlkj', 'jlkjl', 'jklj', 2, 'jlkj', 'jlk', 2, 'ljlkj'),
(28, 'Mark Ryan', 'Longhas', 'Marimon', 19, 'Male', 'jdksajd', 'ksdjlsk', 'ksjdskj', 'klsjdskj', 'ksjdskjd', '', 'kjweklwj', 'kjwekw', 'kwjewkj', 2, 'dksjd', ' kjsdskj', 1, 'wjkwjekw'),
(29, 'jfkdsljf', 'Mark Ryan', 'dfjkldj', 2, 'Male', 'jfdklj', 'kdjfdklj', 'dkjfdlkj', 'kdjfdkj', 'jdfdkj', '', 'kjfdklj', 'kdfjdkjf', 'kdjfdkj', 32, 'djfdklj', 'djfdlkj', 3, 'djfdlkjf'),
(32, 'hsjkdh', 'djkshdjk', 'sjdhsjdh', 1, 'Male', 'sdnjsd', 'klsdjskdj', 'jskdj', 'ksdjsdj', 'kjsdsjkd', '', 'ksdjsdkj', 'kdjskdj', '1djsjdh', 1, 'jdhsjdh', 'djhjsdh', 1, 'sdhsjd'),
(33, 'MARK', 'Longhas 1', 'djaskjd', 3, 'Male', 'jkdjs', 'kdjskdj', 'kjdksj', 'kjdksj', 'kjdksj', '', 'kjsdksj', 'sdjksj', 'sdjsk', 2, 'djskjd', 'ksdjskjd', 2, 'skdjskdj'),
(34, 'sdjskj', 'sdsjdlk', 'sdklsj', 8, 'Male', 'wdwld', 'jskdlj', 'kjdkj', 'kjdkj', 'kjsdksj', '', 'ksjdk', 'skjdksdj', 'sdjskd', 2, 'djskd', 'sjdslkjd', 8, 'jsdlkj'),
(35, 'djkalsjd', 'Test10', 'sdjskldj', 3, 'Male', 'sjdlksj', 'jdkslj', 'kjdklsj', 'kjdsklj', 'ksjdskjd', '', 'kjdkslj', 'ksdkjsk', 'kdjskdj', 2, 'ksjdksj', 'ksdjskjd', 2, 'skdjskdj'),
(36, 'dfjidjf', 'Test 11', 'djkjsd', 2, 'Male', 'djskj', 'kjsdjsd', 'kjdsdj', 'kjdskj', 'ksdj', '', 'ksdjsk', 'ksdjskj', 'skdjsj', 2, 'skdjjsd', 'kjsdsjd', 2, 'skdjsjd'),
(37, 'sjdalksj', 'dlksadj', 'jsdskj', 2, 'Male', 'sdjsklj', 'sdjskjd', 'ksjdskj', 'ksjdskj', 'ksjdskjd', 'ksjdskjd', 'skdjskd', 'ksdjskd', ' ', 0, ' ', ' ', 0, ' '),
(38, 'skljds', 'dasjdnajsdn', 'ksjdk', 2, 'Male', 'skdjk', 'ksdjjks', 'kjsdk', 'kjsdksjd', 'kjsdkj', 'ksjdksjd', 'kjdksj', 'ksjdkl', 'skdjks', 2, 'kdjk', 'skdjk', 0, ' '),
(39, 'ksjdlk', 'asdjklajsd', 'kjskljd', 2, 'Male', 'lskdjk', 'kjdkl', 'sdjlk', 'sdjlk', 'sdkjkl', 'skdjjsd', 'skdjsd', 'sdkj', ' ', 0, ' ', ' ', 0, ' '),
(40, 'kds', 'dkfsl;', 'djkslk', 2, 'Male', 'dkfl`1`', 'ldkls`l', 'kdls`', 'dklsk', '`dkls', 'dklsk', 'dls', 'dkls', ' ', 0, ' ', ' ', 0, ' '),
(41, '', 'Name1', '', 0, '', '', '', '', '', '', '', '', '', '', 0, '', '', 0, ''),
(42, '', 'Name2', '', 0, '', '', '', '', '', '', '', '', '', '', 0, '', '', 0, ''),
(43, 'sjhsdj', 'sdsdnk', 'dsj', 23, 'Male', 'sdjhsjk', 'sjdhj', 'sjdh', 'sjdh', 'sjdk', 'sjdh', 'jsdh', 'sjdhsj', 'sjkdh', 2, 'ewjh', '2', 2, 'sdjk'),
(44, 'hksjdh', 'gwgewjg', 'dhakjshd', 3, 'Male', 'dnsnkj', 'djslkj', 'jdlksj', 'jdklwj', 'kjcskl', 'kljskl', 'jskljd', 'jdksl', '32klj', 234, 'jdklsj', 'jdkslj23', 34, 'jksldj'),
(45, 'jdksj', 'dsdjskl', 'jdskj', 23, 'Male', 'djksj', 'jskdljs', 'jdksjd', 'kjdksldj', 'jdksdj', 'jdskdjslkdj', 'skdjslk', 'jksldjskldj', 'djskdjs', 232, 'sdskldjs', '232', 23232, '23'),
(46, 'jdklsjdklj', 'sdjklasdj', 'jdskljd', 32, 'Male', 'djskldj', 'jdskljd', 'jdskldj', 'jdkwljd', 'jdksldj', 'jdksljds', 'jskdjsld', 'jdksljd', 'jdklsjd', 232, 'dslkdj', 'jksjdlsk', 232, 'ksjdslk'),
(47, 'jskdj', 'sdaskdj', 'jdksjd', 12, 'Male', 'skdls', 'jklsjd', 'jdksljd', 'jdskj', 'jdksjd', 'jdskjd', 'kjdskjd', 'kjdskjd', 'jdsk', 23, '23', '23', 23, '23'),
(48, 'Moctar', 'Sandalo', 'Sanga', 19, 'Male', 'djksdj', 'jdksjd', 'kjdksj', 'jdskjd', 'jd', 'jdskdjslkdj', 'djskdj', 'jdksjd', '232', 23, 'djksdj', '213', 23, 'djskdj'),
(49, 'Haider', 'Omar', 'Ahmad', 19, 'Male', 'mmmmdsj', 'hdhdndn', 'nfnfn', 'n', 'nfnn', 'n', 'fnfnj', 'n', 'fnnfj', 19, 'nf', 'jfjfj', 12, 'hgfhghgj'),
(50, 'Longhas', 'Mark', 'djkasjd', 19, 'Male', 'lkasjdl', 'jdksljd', 'jdklsjd', 'jdksljd', 'jdklsjd', 'jdklsj', 'jdklsjd', 'jdklsj', 'jdklsjd', 18, 'jdlkasjd', 'j1', 12, 'jdklasjd'),
(51, 'Ryan', 'Mark', 'Longhas', 18, 'Male', 'hdajkshd', 'hsjdh', 'hdsjh', 'hdsjh', 'jhdsj', 'hdjshd', 'jhdjsh', 'jhdsj', 'hdjshd', 232, 'hdsjsdh', 'hds', 232, 'kshdjsdh');

-- --------------------------------------------------------

--
-- Table structure for table `exam_record`
--

CREATE TABLE IF NOT EXISTS `exam_record` (
  `record_id` int(11) NOT NULL auto_increment,
  `status` varchar(3) NOT NULL,
  `examinee_id` int(11) NOT NULL,
  `total_exam_record` int(11) NOT NULL default '0',
  `record_date` datetime NOT NULL,
  PRIMARY KEY  (`record_id`)
) ENGINE=MyISAM  DEFAULT CHARSET=latin1 AUTO_INCREMENT=72 ;

--
-- Dumping data for table `exam_record`
--

INSERT INTO `exam_record` (`record_id`, `status`, `examinee_id`, `total_exam_record`, `record_date`) VALUES
(2, 'Old', 28, 0, '2010-03-21 21:00:01'),
(12, 'Old', 28, 0, '2010-03-24 03:39:19'),
(11, 'Old', 29, 0, '2010-03-22 21:28:44'),
(10, 'Old', 28, 0, '2010-03-21 23:30:42'),
(9, 'Old', 28, 0, '2010-03-21 21:56:20'),
(8, 'Old', 28, 0, '2010-03-21 21:55:47'),
(13, 'Old', 28, 0, '2010-03-24 03:42:20'),
(14, 'Old', 28, 0, '2010-03-24 03:43:43'),
(15, 'Old', 28, 0, '2010-03-24 03:48:34'),
(16, 'Old', 30, 0, '2010-03-24 03:55:05'),
(17, 'Old', 31, 0, '2010-03-24 04:20:33'),
(18, 'Old', 31, 0, '2010-03-24 04:21:05'),
(19, 'Old', 32, 0, '2010-03-24 10:03:02'),
(20, 'Old', 33, 0, '2010-03-24 13:28:28'),
(21, 'Old', 34, 0, '2010-03-24 16:33:23'),
(22, 'Old', 35, 0, '2010-03-24 19:42:46'),
(23, 'Old', 36, 0, '2010-03-24 19:45:28'),
(24, 'Old', 36, 0, '2010-03-24 19:46:52'),
(25, 'Old', 37, 0, '2010-03-24 22:29:46'),
(26, 'Old', 28, 0, '2010-03-24 23:25:43'),
(27, 'Old', 28, 8, '2010-03-25 00:08:10'),
(28, 'Old', 38, 10, '2010-03-25 10:08:41'),
(29, 'Old', 28, 0, '2010-03-25 10:59:50'),
(30, 'Old', 28, 0, '2010-03-25 11:09:54'),
(31, 'Old', 28, 0, '2010-03-25 11:17:52'),
(32, 'Old', 28, 0, '2010-03-25 11:22:52'),
(33, 'Old', 28, 0, '2010-03-25 11:28:32'),
(34, 'Old', 31, 9, '0000-00-00 00:00:00'),
(35, 'Old', 32, 10, '0000-00-00 00:00:00'),
(36, 'Old', 31, 9, '0000-00-00 00:00:00'),
(37, 'Old', 32, 10, '0000-00-00 00:00:00'),
(38, 'Old', 39, 0, '2010-03-25 13:01:03'),
(39, 'Old', 40, 0, '2010-03-25 13:07:07'),
(40, 'Old', 41, 0, '0000-00-00 00:00:00'),
(41, 'Old', 42, 0, '0000-00-00 00:00:00'),
(42, 'Old', 43, 0, '2010-03-30 11:33:30'),
(43, 'New', 44, 0, '2010-03-30 12:48:45'),
(44, 'Old', 28, 0, '2010-08-01 00:19:35'),
(45, 'Old', 28, 0, '2010-08-01 00:23:16'),
(46, 'Old', 28, 0, '2010-08-01 00:24:08'),
(47, 'Old', 28, 0, '2010-08-01 00:24:36'),
(48, 'Old', 28, 0, '2010-08-01 00:25:20'),
(49, 'Old', 28, 0, '2010-08-01 00:25:52'),
(50, 'Old', 28, 0, '2010-08-01 00:27:10'),
(51, 'Old', 28, 0, '2010-08-01 00:27:30'),
(52, 'Old', 28, 0, '2010-08-01 00:55:51'),
(53, 'Old', 28, 0, '2010-08-01 01:35:41'),
(54, 'Old', 28, 0, '2010-08-01 01:41:26'),
(55, 'Old', 28, 0, '2010-08-01 01:49:35'),
(56, 'Old', 28, 0, '2010-08-01 02:06:21'),
(57, 'Old', 28, 0, '2010-08-01 02:09:27'),
(58, 'New', 46, 0, '2010-08-01 02:31:03'),
(59, 'Old', 28, 0, '2010-08-01 09:30:18'),
(60, 'Old', 28, 0, '2010-08-01 09:34:09'),
(61, 'Old', 28, 0, '2010-08-01 11:46:05'),
(62, 'Old', 28, 0, '2010-08-01 16:25:43'),
(63, 'Old', 28, 0, '2010-08-01 17:11:11'),
(64, 'Old', 28, 6, '2010-08-01 17:14:58'),
(65, 'Old', 28, 0, '2010-08-01 23:01:30'),
(66, 'New', 28, 0, '2010-08-02 06:35:06'),
(67, 'New', 47, 0, '2010-08-02 10:54:04'),
(68, 'New', 48, 2, '2010-08-02 13:03:59'),
(69, 'New', 49, 0, '2010-08-02 16:10:22'),
(70, 'New', 50, 2, '2010-08-02 16:46:29'),
(71, 'New', 51, 0, '2010-08-17 14:27:40');

-- --------------------------------------------------------

--
-- Table structure for table `personality`
--

CREATE TABLE IF NOT EXISTS `personality` (
  `personality_id` int(11) NOT NULL auto_increment,
  `personality_parent_id` int(11) NOT NULL,
  `personality_name` varchar(50) NOT NULL,
  `personality_description` text NOT NULL,
  `personality_status` varchar(15) NOT NULL,
  `personality_item_positive` smallint(6) NOT NULL default '0',
  `personality_item_negative` smallint(6) NOT NULL default '0',
  `personality_career` text NOT NULL,
  `attitude` varchar(30) NOT NULL,
  `personality_date` datetime NOT NULL,
  `personality_last_update` datetime default NULL,
  PRIMARY KEY  (`personality_id`)
) ENGINE=MyISAM  DEFAULT CHARSET=latin1 AUTO_INCREMENT=31 ;

--
-- Dumping data for table `personality`
--

INSERT INTO `personality` (`personality_id`, `personality_parent_id`, `personality_name`, `personality_description`, `personality_status`, `personality_item_positive`, `personality_item_negative`, `personality_career`, `attitude`, `personality_date`, `personality_last_update`) VALUES
(15, 0, 'Surgency or Extraversion', 'dl;skjfld;fkds;lfk', 'Activate', 5, 5, '', '', '2010-03-24 03:32:37', '0000-00-00 00:00:00'),
(16, 0, 'Agreeableness', 'Agreeableness is a tendency to be pleasant and accommodating in social situations. In contemporary personality psychology, agreeableness is one of the five major dimensions of personality structure, reflecting individual differences in concern for cooperation and social harmony.[1] People who score high on this dimension are empathetic, considerate, friendly, generous, and helpful. They also have an optimistic view of human nature. They tend to believe that most people are honest, decent, and trustworthy.', 'Activate', 6, 6, '', '', '2010-03-24 03:33:01', '2010-08-02 12:33:40'),
(17, 0, 'Conscientiousness', 'jlkejekljrelkjr', 'Activate', 6, 4, '', '', '2010-03-24 03:33:28', '0000-00-00 00:00:00'),
(18, 0, 'Emotional Stability', 'jkdhjdskhfjh', 'Activate', 2, 8, '', '', '2010-03-24 03:33:56', '0000-00-00 00:00:00'),
(19, 0, 'Intellect or Imagination', 'jmfkdfjdkfj', 'Activate', 7, 3, '', '', '2010-03-24 03:34:24', '0000-00-00 00:00:00'),
(20, 15, 'Social', 'The five factor model considers you social, friendlier and talkative. You are often assertive and energetic. You can do many tasks successfully at a time. You prefer to lead others. You are charismatic. However, you rely upon others without knowing them very well.', 'Activate', 0, 0, 'entertainer, performer, actor, movie star, entertainment industry, news anchor, radio broadcaster, television industry, performing arts, broadcast journalist, model, rock star, public relations specialist, theater industry, advertising, movie director, fashion editor, comedian, fashion industry, publicist, reporter, media industry, fashion merchandiser, creative director, bartender, casting director, theater director, advertising executive, theater teacher, stylist, dancer, tv producer, advertiser, event planner, marketing director, movie producer, singer, music performer, television producer, magazine editor, choreographer, music industry, entertainment lawyer, fashion designer, makeup artist, record producer', 'Positive', '2010-03-25 00:57:39', '2010-08-02 14:08:03'),
(21, 15, 'Reserved', 'You are considered private, serious and skeptic. You don’t rely on others easily. You keep your secrets to your self. You are often quiet. You prefer environment where you can work alone.', 'Activate', 0, 0, 'ibrary assistant, librarian, bookseller, computer technician, bookstore owner, computer industry, game designer, computer scientist, scientist, computer animator, video game designer, computer repair tech, research scientist, book editor, researcher, archeologist, webmaster, astronomer, computer consultant, archivist, software engineer, research assistant, lab technician, environmental scientist, software developer, mechanical profession, egyptologist, software designer, information technology professional, web developer, computer engineer, computer programmer', 'Negative', '2010-03-25 00:57:51', '2010-08-02 14:07:27'),
(22, 19, 'Non-curious', 'The five factor model of personality qualifies you as a resistant to change. You are traditional. You love peaceful environment, secure jobs and serene family life. You spend a lot of time on details. You can execute plans very well. However, you are not a good planner. Your focus on details may cause you to ignore big picture. You accept change only when there is no way out.', 'Activate', 0, 0, 'hair stylist, beautician, makeup artist, stay at home parent, wedding planner, secretary, receptionist, shop assistant, fashion merchandiser, fashion industry, child care worker, personal assistant, home maker, stylist, dental assistant, athletic trainer, preschool teacher, fashion editor, cashier, sports management, retail employee, athlete, nanny, fashion designer', 'Negative', '2010-03-25 00:58:22', '2010-08-02 14:08:59'),
(23, 19, 'Inquisitive', 'You qualify to be counted as original, creative and curious. You believe that change is more than essential for social evolution. You love revolutions. You enjoy complexities of things and strive to find out their solutions. You can handle new systems, technologies and tools with great ease. You always build a big picture but tend to ignore vital details.', 'Activate', 0, 0, 'philosopher, philosophy professor, scientist, scholar, physicist, astronomer, research scientist, college professor, researcher, academic, biochemist, genetics researcher, astronaut, nuclear engineer, aerospace engineer, political scientist, biotechnology, novelist, anthropologist, paleontologist, strategist, theologian, geneticist, political analyst, author, historian, egyptologist, history professor, mathematician, chemist, freelance writer, neurologist, biologist, museum curator, microbiologist, biomedical engineer, archeology', 'Positive', '2010-03-25 00:58:46', '2010-08-02 14:09:51'),
(24, 16, 'Compassionate or cooperative', 'The five factor model of personality considers you as good natured, sympathetic and forgiving. You are considered as tolerant, agreeable and courteous. You prove an excellent team member. You strive to bring harmony amongst your mates. You are friendlier, approachable and appeasing. You can ignore your own needs for others.\r\n\r\nHowever, you are not a good leader. You prefer to work in background. You keep your opinions to yourself to avoid conflict. You are easily influenced. But you are a born social reformer. You can prove an excellent teacher. The psychology is one of the best fields for you.', 'Activate', 0, 0, 'Secondary Teacher, Elementary Teacher, Psychologist, child care worker, social services worker, social worker, school counselor, special education worker, preschool teacher, health care worker, child psychologist, early childhood educator, nurse, public health, school psychologist, kindergarten teacher, guidance counselor,', 'Positive', '2010-08-01 09:46:53', '2010-08-02 14:16:56'),
(25, 16, 'Suspicion or Antagonistic', 'Five factor model of personality considers you as critical, analytical and tough. You are expressive in your opinions. You don’t hide your reactions. You want your efforts and achievements to be acknowledged. You can challenge. You are a born leader.\r\n\r\nHowever, you may not prove a good team leader. Extreme degrees qualify you as a rude, callous and self-centered person. You are viewed as hostile. You are not considered cooperative. Your love for power can lead you to be an autocrat.', 'Activate', 0, 0, 'Military Leadership, Public Administration, Management, dictator, assassin, international spy, entrepreneur, stock broker, investment banker, businessman, ceo, real estate investor, financial manager, business analyst, mercenary, strategist, financial advisor, diplomat, executive, judge, bounty hunter, financial analyst, cia agent, computer engineer, politician, movie star, ambassador, film producer, international business specialist, game designer, business manager,', 'Negative', '2010-08-01 09:47:11', '2010-08-02 14:16:20'),
(26, 17, 'Organized', 'The five factor model of personality considers you an organized, focused and timely achiever of your goals. You plan things and follow that route strictly. You are not easy to be distracted. However, you tend to be workaholic. You are self-disciplined. You are considered confident, dutiful and reliable. You often prove a strong executive in any organization.', 'Activate', 0, 0, 'office administrator, administrator, office worker, business administrator, office manager, administrative assistant, financial planner, executive assistant, supervisor, administrative support, financial advisor, event planner, executive, business manager, office assistant, business analyst, business consultant, manager, account manager, financial analyst, financial manager, banker, management consultant,', 'Positive', '2010-08-01 09:55:58', '2010-08-02 14:15:27'),
(27, 17, 'Careless', 'The five factor model of personality considers you careless, relaxed and unorganized. You don’t plan things and pursue your goals with a flexible approach. Some day you work a lot and other day you go on vacations. You are spontaneous. However, you are not considered good for projects where deadlines are to be followed.', 'Activate', 0, 0, 'rock star, professional musician, songwriter, philosopher, comic book artist, artist, freelance artist, freelance writer, performing arts, poet, playwright, music journalist, record store owner, filmmaker, film producer, novelist, music performer, music industry, comedian, arts and media, music producer, cinematographer, tattoo artist, painter, disc jockey, cartoonist, author, graphic artist, art director, film critic, movie director, art curator, theater director, film editor, assassin, illustrator, photojournalist, body piercer, record producer', 'Negative', '2010-08-01 09:56:10', '2010-08-02 14:14:43'),
(29, 18, 'Secure and Confident', 'The five factor model considers you nervous, unstable and vulnerable to negative emotionality. You are never satisfied with your life. You are inflamed easily. You are reactive and often fail to recover from depression shock easily. You always feel a need for stability. In extreme cases, you may be advised clinical treatment. You have optimistic approach to life.', 'Activate', 0, 0, 'engineer, military intelligence, fighter pilot, pilot, astronaut, airline pilot, strategist, athlete, aerospace engineer, assassin, race car driver, international spy, mechanical engineer, cia agent, transportation and aviation, soldier, computer engineer, electrical engineer, video game designer, military employee, industrial engineer, ceo, bounty hunter, mechanical profession, operations manager, sports management, civil engineer, computer industry, security specialist, independent contractor, firefighter, software developer, architect, software engineer,', 'Positive', '2010-08-01 11:30:30', '2010-08-02 14:12:12'),
(30, 18, 'Sensitive or Nervous', 'The five factor model of personality considers you emotionally stable, strong nerved and composed person. You are often calm and optimist. You recover from depression periods very easily. You can find out the best out of the worst. You love peace and security. You are often satisfied with your life. You are a valuable candidate for careers in air traffic, controllers and airline pilots, finance management and engineering.', 'Activate', 0, 0, 'author, book editor, freelance writer, novelist, bookseller, magazine editor, freelance artist, poet, arts and media, library assistant, bookstore owner, theater teacher, librarian, publisher, songwriter, artist, screenwriter, editor, fashion industry, psychotherapist, art therapist, makeup artist, beautician, playwright, art education, painter, english professor, costume designer, copy editor, photojournalist, interior decorator, photo journalist, performing arts,', 'Negative', '2010-08-01 11:30:59', '2010-08-02 14:13:43');

-- --------------------------------------------------------

--
-- Table structure for table `personality_exam`
--

CREATE TABLE IF NOT EXISTS `personality_exam` (
  `record_id` int(11) NOT NULL,
  `personality_id` int(11) NOT NULL,
  `test_id` int(11) NOT NULL,
  `choice_id` int(11) default NULL
) ENGINE=MyISAM DEFAULT CHARSET=latin1;

--
-- Dumping data for table `personality_exam`
--

INSERT INTO `personality_exam` (`record_id`, `personality_id`, `test_id`, `choice_id`) VALUES
(18, 18, 13, 0),
(18, 18, 15, 0),
(18, 18, 17, 0),
(18, 18, 14, 0),
(18, 18, 16, 0),
(18, 19, 7, 0),
(18, 19, 8, 0),
(18, 19, 9, 0),
(18, 19, 10, 0),
(18, 19, 11, 0),
(18, 19, 12, 0),
(19, 18, 13, 0),
(19, 18, 15, 0),
(19, 18, 17, 0),
(19, 18, 14, 0),
(19, 18, 16, 0),
(19, 19, 7, 0),
(19, 19, 8, 0),
(19, 19, 9, 0),
(19, 19, 10, 0),
(19, 19, 11, 0),
(19, 19, 12, 0),
(20, 18, 13, 0),
(20, 18, 15, 0),
(20, 18, 17, 0),
(20, 18, 14, 0),
(20, 18, 16, 0),
(20, 19, 7, 0),
(20, 19, 8, 0),
(20, 19, 9, 0),
(20, 19, 10, 0),
(20, 19, 11, 0),
(20, 19, 12, 0),
(21, 18, 13, 0),
(21, 18, 15, 0),
(21, 18, 17, 0),
(21, 18, 14, 0),
(21, 18, 16, 0),
(21, 19, 7, 0),
(21, 19, 8, 0),
(21, 19, 9, 0),
(21, 19, 10, 0),
(21, 19, 11, 0),
(21, 19, 12, 0),
(22, 15, 18, 0),
(22, 15, 19, 0),
(22, 15, 20, 0),
(22, 15, 21, 0),
(22, 15, 22, 0),
(22, 15, 23, 0),
(22, 15, 24, 0),
(22, 15, 25, 0),
(22, 15, 26, 0),
(22, 15, 27, 0),
(22, 18, 13, 0),
(22, 18, 15, 0),
(22, 18, 17, 0),
(22, 18, 14, 0),
(22, 18, 16, 0),
(22, 19, 7, 0),
(22, 19, 8, 0),
(22, 19, 9, 0),
(22, 19, 10, 0),
(22, 19, 11, 0),
(22, 19, 12, 0),
(23, 15, 18, 0),
(23, 15, 19, 0),
(23, 15, 20, 0),
(23, 15, 21, 0),
(23, 15, 22, 0),
(23, 15, 23, 0),
(23, 15, 24, 0),
(23, 15, 25, 0),
(23, 15, 26, 0),
(23, 15, 27, 0),
(24, 15, 18, 3),
(24, 15, 19, 4),
(24, 15, 20, 4),
(24, 15, 21, 4),
(24, 15, 22, 4),
(24, 15, 23, 3),
(24, 15, 24, 2),
(24, 15, 25, 2),
(24, 15, 26, 2),
(24, 15, 27, 2),
(24, 18, 13, 3),
(24, 18, 15, 3),
(24, 18, 17, 4),
(24, 18, 14, 3),
(24, 18, 16, 2),
(24, 19, 7, 3),
(24, 19, 8, 3),
(24, 19, 9, 3),
(24, 19, 10, 3),
(24, 19, 11, 2),
(24, 19, 12, 1),
(25, 15, 18, 0),
(25, 15, 19, 0),
(25, 15, 20, 0),
(25, 15, 21, 0),
(25, 15, 22, 0),
(25, 15, 23, 0),
(25, 15, 24, 0),
(25, 15, 25, 0),
(25, 15, 26, 0),
(25, 15, 27, 0),
(25, 18, 13, 0),
(25, 18, 15, 0),
(25, 18, 17, 0),
(25, 18, 14, 0),
(25, 18, 16, 0),
(25, 19, 7, 0),
(25, 19, 8, 0),
(25, 19, 9, 0),
(25, 19, 10, 0),
(25, 19, 11, 0),
(25, 19, 12, 0),
(26, 15, 18, 0),
(26, 15, 19, 0),
(26, 15, 20, 0),
(26, 15, 21, 0),
(26, 15, 22, 0),
(26, 15, 23, 0),
(26, 15, 24, 0),
(26, 15, 25, 0),
(26, 15, 26, 0),
(26, 15, 27, 0),
(26, 18, 13, 0),
(26, 18, 15, 0),
(26, 18, 17, 0),
(26, 18, 14, 0),
(26, 18, 16, 0),
(26, 19, 7, 0),
(26, 19, 8, 0),
(26, 19, 9, 0),
(26, 19, 10, 0),
(26, 19, 11, 0),
(26, 19, 12, 0),
(27, 15, 18, 5),
(27, 15, 19, 4),
(27, 15, 20, 4),
(27, 15, 21, 4),
(27, 15, 22, 4),
(27, 15, 23, 2),
(27, 15, 24, 2),
(27, 15, 25, 1),
(27, 15, 26, 2),
(27, 15, 27, 2),
(27, 18, 13, 4),
(27, 18, 15, 4),
(27, 18, 17, 5),
(27, 18, 14, 1),
(27, 18, 16, 2),
(27, 19, 7, 5),
(27, 19, 8, 4),
(27, 19, 9, 3),
(27, 19, 10, 4),
(27, 19, 11, 1),
(27, 19, 12, 1),
(28, 15, 18, 3),
(28, 15, 19, 0),
(28, 15, 20, 0),
(28, 15, 21, 0),
(28, 15, 22, 0),
(28, 15, 23, 0),
(28, 15, 24, 0),
(28, 15, 25, 0),
(28, 15, 26, 0),
(28, 15, 27, 0),
(28, 18, 13, 0),
(28, 18, 15, 0),
(28, 18, 17, 0),
(28, 18, 14, 0),
(28, 18, 16, 0),
(28, 19, 7, 0),
(28, 19, 8, 3),
(28, 19, 9, 0),
(28, 19, 10, 4),
(28, 19, 11, 0),
(28, 19, 12, 2),
(29, 15, 18, 0),
(29, 15, 19, 0),
(29, 15, 20, 0),
(29, 15, 21, 0),
(29, 15, 22, 0),
(29, 15, 23, 0),
(29, 15, 24, 0),
(29, 15, 25, 0),
(29, 15, 26, 0),
(29, 15, 27, 0),
(29, 18, 13, 0),
(29, 18, 15, 0),
(29, 18, 17, 0),
(29, 18, 14, 0),
(29, 18, 16, 0),
(29, 19, 7, 0),
(29, 19, 8, 0),
(29, 19, 9, 0),
(29, 19, 10, 0),
(29, 19, 11, 0),
(29, 19, 12, 0),
(30, 15, 18, 0),
(30, 15, 19, 0),
(30, 15, 20, 0),
(30, 15, 21, 0),
(30, 15, 22, 0),
(30, 15, 23, 3),
(30, 15, 24, 0),
(30, 15, 25, 0),
(30, 15, 26, 0),
(30, 15, 27, 0),
(30, 18, 13, 0),
(30, 18, 15, 0),
(30, 18, 17, 4),
(30, 18, 14, 0),
(30, 18, 16, 0),
(30, 19, 7, 3),
(30, 19, 8, 0),
(30, 19, 9, 3),
(30, 19, 10, 0),
(30, 19, 11, 0),
(30, 19, 12, 0),
(31, 15, 18, 0),
(31, 15, 19, 0),
(31, 15, 20, 0),
(31, 15, 21, 0),
(31, 15, 22, 0),
(31, 15, 23, 4),
(31, 15, 24, 3),
(31, 15, 25, 0),
(31, 15, 26, 0),
(31, 15, 27, 0),
(31, 18, 13, 0),
(31, 18, 15, 0),
(31, 18, 17, 0),
(31, 18, 14, 0),
(31, 18, 16, 0),
(31, 19, 7, 0),
(31, 19, 8, 0),
(31, 19, 9, 0),
(31, 19, 10, 4),
(31, 19, 11, 0),
(31, 19, 12, 3),
(32, 15, 18, 0),
(32, 15, 19, 0),
(32, 15, 20, 4),
(32, 15, 21, 0),
(32, 15, 22, 0),
(32, 15, 23, 0),
(32, 15, 24, 0),
(32, 15, 25, 3),
(32, 15, 26, 0),
(32, 15, 27, 0),
(32, 18, 13, 3),
(32, 18, 15, 4),
(32, 18, 17, 0),
(32, 18, 14, 0),
(32, 18, 16, 0),
(32, 19, 7, 0),
(32, 19, 8, 0),
(32, 19, 9, 0),
(32, 19, 10, 0),
(32, 19, 11, 0),
(32, 19, 12, 0),
(33, 15, 18, 0),
(33, 15, 19, 0),
(33, 15, 20, 0),
(33, 15, 21, 0),
(33, 15, 22, 0),
(33, 15, 23, 0),
(33, 15, 24, 0),
(33, 15, 25, 0),
(33, 15, 26, 0),
(33, 15, 27, 0),
(33, 18, 13, 0),
(33, 18, 15, 0),
(33, 18, 17, 0),
(33, 18, 14, 0),
(33, 18, 16, 0),
(33, 19, 7, 0),
(33, 19, 8, 0),
(33, 19, 9, 0),
(33, 19, 10, 0),
(33, 19, 11, 0),
(33, 19, 12, 0),
(38, 15, 18, 0),
(38, 15, 19, 0),
(38, 15, 20, 4),
(38, 15, 21, 3),
(38, 15, 22, 4),
(38, 15, 23, 0),
(38, 15, 24, 1),
(38, 15, 25, 2),
(38, 15, 26, 0),
(38, 15, 27, 0),
(38, 18, 13, 4),
(38, 18, 15, 4),
(38, 18, 17, 0),
(38, 18, 14, 2),
(38, 18, 16, 0),
(38, 19, 7, 4),
(38, 19, 8, 4),
(38, 19, 9, 0),
(38, 19, 10, 3),
(38, 19, 11, 2),
(38, 19, 12, 0),
(39, 15, 18, 0),
(39, 15, 19, 0),
(39, 15, 20, 0),
(39, 15, 21, 0),
(39, 15, 22, 0),
(39, 15, 23, 0),
(39, 15, 24, 0),
(39, 15, 25, 0),
(39, 15, 26, 0),
(39, 15, 27, 0),
(39, 18, 13, 0),
(39, 18, 15, 0),
(39, 18, 17, 0),
(39, 18, 14, 0),
(39, 18, 16, 0),
(39, 19, 7, 0),
(39, 19, 8, 0),
(39, 19, 9, 0),
(39, 19, 10, 0),
(39, 19, 11, 0),
(39, 19, 12, 0),
(42, 15, 18, 4),
(42, 15, 19, 4),
(42, 15, 20, 4),
(42, 15, 21, 3),
(42, 15, 22, 4),
(42, 15, 23, 1),
(42, 15, 24, 2),
(42, 15, 25, 2),
(42, 15, 26, 3),
(42, 15, 27, 1),
(42, 18, 13, 3),
(42, 18, 15, 4),
(42, 18, 17, 4),
(42, 18, 14, 2),
(42, 18, 16, 2),
(42, 19, 7, 4),
(42, 19, 8, 4),
(42, 19, 9, 5),
(42, 19, 10, 4),
(42, 19, 11, 3),
(42, 19, 12, 2),
(43, 15, 18, 5),
(43, 15, 19, 5),
(43, 15, 20, 5),
(43, 15, 21, 5),
(43, 15, 22, 5),
(43, 15, 23, 1),
(43, 15, 24, 1),
(43, 15, 25, 1),
(43, 15, 26, 1),
(43, 15, 27, 1),
(43, 18, 13, 5),
(43, 18, 15, 5),
(43, 18, 17, 5),
(43, 18, 14, 1),
(43, 18, 16, 3),
(43, 19, 7, 3),
(43, 19, 8, 5),
(43, 19, 9, 5),
(43, 19, 10, 5),
(43, 19, 11, 1),
(43, 19, 12, 2),
(48, 15, 18, NULL),
(48, 15, 19, NULL),
(48, 15, 20, NULL),
(48, 15, 21, NULL),
(48, 15, 22, NULL),
(48, 15, 23, NULL),
(48, 15, 24, NULL),
(48, 15, 25, NULL),
(48, 15, 26, NULL),
(48, 15, 27, NULL),
(49, 15, 18, NULL),
(49, 15, 19, NULL),
(49, 15, 20, NULL),
(49, 15, 21, NULL),
(49, 15, 22, NULL),
(49, 15, 23, NULL),
(49, 15, 24, NULL),
(49, 15, 25, NULL),
(49, 15, 26, NULL),
(49, 15, 27, NULL),
(50, 15, 18, NULL),
(50, 15, 19, NULL),
(50, 15, 20, NULL),
(50, 15, 21, NULL),
(50, 15, 22, NULL),
(50, 15, 23, NULL),
(50, 15, 24, NULL),
(50, 15, 25, NULL),
(50, 15, 26, NULL),
(50, 15, 27, NULL),
(51, 15, 18, NULL),
(51, 15, 19, NULL),
(51, 15, 20, NULL),
(51, 15, 21, NULL),
(51, 15, 22, NULL),
(51, 15, 23, NULL),
(51, 15, 24, NULL),
(51, 15, 25, NULL),
(51, 15, 26, NULL),
(51, 15, 27, NULL),
(51, 18, 13, NULL),
(51, 18, 15, NULL),
(51, 18, 17, NULL),
(51, 18, 14, NULL),
(51, 18, 16, NULL),
(51, 19, 7, NULL),
(51, 19, 8, NULL),
(51, 19, 9, NULL),
(51, 19, 10, NULL),
(51, 19, 11, NULL),
(51, 19, 12, NULL),
(52, 15, 18, NULL),
(52, 15, 19, 1),
(52, 15, 20, 2),
(52, 15, 21, 2),
(52, 15, 22, 1),
(52, 15, 23, NULL),
(52, 15, 24, NULL),
(52, 15, 25, 3),
(52, 15, 26, 4),
(52, 15, 27, 3),
(52, 18, 13, NULL),
(52, 18, 15, NULL),
(52, 18, 17, NULL),
(52, 18, 14, 3),
(52, 18, 16, NULL),
(52, 19, 7, NULL),
(52, 19, 8, 3),
(52, 19, 9, NULL),
(52, 19, 10, 1),
(52, 19, 11, NULL),
(52, 19, 12, NULL),
(53, 15, 18, NULL),
(53, 15, 19, NULL),
(53, 15, 20, NULL),
(53, 15, 21, NULL),
(53, 15, 22, NULL),
(53, 15, 23, NULL),
(53, 15, 24, NULL),
(53, 15, 25, NULL),
(53, 15, 26, NULL),
(53, 15, 27, NULL),
(53, 18, 13, NULL),
(53, 18, 15, NULL),
(53, 18, 17, NULL),
(53, 18, 14, NULL),
(53, 18, 16, NULL),
(53, 19, 7, NULL),
(53, 19, 8, NULL),
(53, 19, 9, NULL),
(53, 19, 10, NULL),
(53, 19, 11, NULL),
(53, 19, 12, NULL),
(54, 15, 18, NULL),
(54, 15, 19, NULL),
(54, 15, 20, NULL),
(54, 15, 21, NULL),
(54, 15, 22, NULL),
(54, 15, 23, NULL),
(54, 15, 24, NULL),
(54, 15, 25, NULL),
(54, 15, 26, NULL),
(54, 15, 27, NULL),
(54, 18, 13, NULL),
(54, 18, 15, NULL),
(54, 18, 17, NULL),
(54, 18, 14, NULL),
(54, 18, 16, NULL),
(54, 19, 7, NULL),
(54, 19, 8, NULL),
(54, 19, 9, NULL),
(54, 19, 10, NULL),
(54, 19, 11, NULL),
(54, 19, 12, NULL),
(55, 15, 18, NULL),
(55, 15, 19, NULL),
(55, 15, 20, NULL),
(55, 15, 21, NULL),
(55, 15, 22, NULL),
(55, 15, 23, NULL),
(55, 15, 24, NULL),
(55, 15, 25, NULL),
(55, 15, 26, NULL),
(55, 15, 27, NULL),
(55, 18, 13, NULL),
(55, 18, 15, NULL),
(55, 18, 17, NULL),
(55, 18, 14, NULL),
(55, 18, 16, NULL),
(55, 19, 7, NULL),
(55, 19, 8, NULL),
(55, 19, 9, NULL),
(55, 19, 10, NULL),
(55, 19, 11, NULL),
(55, 19, 12, NULL),
(56, 15, 18, NULL),
(56, 15, 19, NULL),
(56, 15, 20, NULL),
(56, 15, 21, NULL),
(56, 15, 22, NULL),
(56, 15, 23, NULL),
(56, 15, 24, NULL),
(56, 15, 25, NULL),
(56, 15, 26, NULL),
(56, 15, 27, NULL),
(56, 18, 13, NULL),
(56, 18, 15, NULL),
(56, 18, 17, NULL),
(56, 18, 14, NULL),
(56, 18, 16, NULL),
(56, 19, 7, NULL),
(56, 19, 8, NULL),
(56, 19, 9, NULL),
(56, 19, 10, NULL),
(56, 19, 11, NULL),
(56, 19, 12, NULL),
(57, 15, 18, NULL),
(57, 15, 19, NULL),
(57, 15, 20, NULL),
(57, 15, 21, NULL),
(57, 15, 22, NULL),
(57, 15, 23, NULL),
(57, 15, 24, NULL),
(57, 15, 25, NULL),
(57, 15, 26, NULL),
(57, 15, 27, NULL),
(57, 18, 13, NULL),
(57, 18, 15, NULL),
(57, 18, 17, NULL),
(57, 18, 14, NULL),
(57, 18, 16, NULL),
(57, 19, 7, NULL),
(57, 19, 8, NULL),
(57, 19, 9, NULL),
(57, 19, 10, NULL),
(57, 19, 11, NULL),
(57, 19, 12, NULL),
(58, 15, 18, NULL),
(58, 15, 19, NULL),
(58, 15, 20, NULL),
(58, 15, 21, NULL),
(58, 15, 22, NULL),
(58, 15, 23, NULL),
(58, 15, 24, NULL),
(58, 15, 25, NULL),
(58, 15, 26, NULL),
(58, 15, 27, NULL),
(58, 18, 13, NULL),
(58, 18, 15, NULL),
(58, 18, 17, NULL),
(58, 18, 14, NULL),
(58, 18, 16, NULL),
(58, 19, 7, NULL),
(58, 19, 8, NULL),
(58, 19, 9, NULL),
(58, 19, 10, NULL),
(58, 19, 11, NULL),
(58, 19, 12, NULL),
(59, 15, 18, NULL),
(59, 15, 19, NULL),
(59, 15, 20, NULL),
(59, 15, 21, NULL),
(59, 15, 22, NULL),
(59, 15, 23, NULL),
(59, 15, 24, NULL),
(59, 15, 25, NULL),
(59, 15, 26, NULL),
(59, 15, 27, NULL),
(59, 18, 13, NULL),
(59, 18, 15, NULL),
(59, 18, 17, NULL),
(59, 18, 14, NULL),
(59, 18, 16, NULL),
(59, 19, 7, NULL),
(59, 19, 8, NULL),
(59, 19, 9, NULL),
(59, 19, 10, NULL),
(59, 19, 11, NULL),
(59, 19, 12, NULL),
(60, 15, 18, NULL),
(60, 15, 19, NULL),
(60, 15, 20, NULL),
(60, 15, 21, NULL),
(60, 15, 22, NULL),
(60, 15, 23, NULL),
(60, 15, 24, NULL),
(60, 15, 25, NULL),
(60, 15, 26, NULL),
(60, 15, 27, NULL),
(60, 18, 13, NULL),
(60, 18, 15, NULL),
(60, 18, 17, NULL),
(60, 18, 14, NULL),
(60, 18, 16, NULL),
(60, 19, 7, NULL),
(60, 19, 8, NULL),
(60, 19, 9, NULL),
(60, 19, 10, NULL),
(60, 19, 11, NULL),
(60, 19, 12, NULL),
(61, 15, 18, 2),
(61, 15, 19, 3),
(61, 15, 20, 2),
(61, 15, 21, 1),
(61, 15, 22, 2),
(61, 15, 23, 2),
(61, 15, 24, 2),
(61, 15, 25, 2),
(61, 15, 26, 4),
(61, 15, 27, 2),
(61, 16, 28, 2),
(61, 16, 29, 3),
(61, 16, 30, 4),
(61, 16, 31, 4),
(61, 16, 32, 2),
(61, 16, 33, 2),
(61, 16, 34, 2),
(61, 16, 35, 2),
(61, 16, 36, 2),
(61, 16, 37, 2),
(61, 17, 38, 3),
(61, 17, 39, 4),
(61, 17, 40, 4),
(61, 17, 41, 2),
(61, 17, 42, 2),
(61, 17, 43, 4),
(61, 17, 44, 2),
(61, 17, 45, 2),
(61, 17, 46, 1),
(61, 17, 47, 2),
(61, 18, 13, 4),
(61, 18, 14, 3),
(61, 18, 15, 2),
(61, 18, 16, 2),
(61, 18, 17, 2),
(61, 18, 48, 2),
(61, 18, 49, 2),
(61, 18, 50, 3),
(61, 18, 51, 1),
(61, 18, 52, 3),
(61, 19, 7, 3),
(61, 19, 8, 2),
(61, 19, 9, 4),
(61, 19, 10, 4),
(61, 19, 53, 4),
(61, 19, 54, 4),
(61, 19, 55, 4),
(61, 19, 11, 3),
(61, 19, 12, 2),
(61, 19, 56, 4),
(62, 15, 18, 1),
(62, 15, 19, 2),
(62, 15, 20, 2),
(62, 15, 21, 2),
(62, 15, 22, 2),
(62, 15, 23, 2),
(62, 15, 24, 2),
(62, 15, 25, 4),
(62, 15, 26, 4),
(62, 15, 27, 2),
(62, 16, 28, 2),
(62, 16, 29, 3),
(62, 16, 30, 4),
(62, 16, 31, 2),
(62, 16, 32, 2),
(62, 16, 33, 2),
(62, 16, 34, 2),
(62, 16, 35, 2),
(62, 16, 36, 2),
(62, 16, 37, 4),
(62, 17, 38, 2),
(62, 17, 39, 4),
(62, 17, 40, 2),
(62, 17, 41, 1),
(62, 17, 42, 2),
(62, 17, 43, 3),
(62, 17, 44, 1),
(62, 17, 45, 2),
(62, 17, 46, 1),
(62, 17, 47, 2),
(62, 18, 13, 5),
(62, 18, 14, 4),
(62, 18, 15, 2),
(62, 18, 16, 1),
(62, 18, 17, 2),
(62, 18, 48, 2),
(62, 18, 49, 4),
(62, 18, 50, 2),
(62, 18, 51, 2),
(62, 18, 52, 2),
(62, 19, 7, 3),
(62, 19, 8, 2),
(62, 19, 9, 4),
(62, 19, 10, 4),
(62, 19, 53, 4),
(62, 19, 54, 4),
(62, 19, 55, 4),
(62, 19, 11, 2),
(62, 19, 12, 3),
(62, 19, 56, 4),
(63, 15, 18, NULL),
(63, 15, 19, NULL),
(63, 15, 20, NULL),
(63, 15, 21, NULL),
(63, 15, 22, NULL),
(63, 15, 23, NULL),
(63, 15, 24, NULL),
(63, 15, 25, NULL),
(63, 15, 26, NULL),
(63, 15, 27, NULL),
(63, 16, 28, NULL),
(63, 16, 29, NULL),
(63, 16, 30, NULL),
(63, 16, 31, NULL),
(63, 16, 32, NULL),
(63, 16, 33, NULL),
(63, 16, 34, NULL),
(63, 16, 35, NULL),
(63, 16, 36, NULL),
(63, 16, 37, NULL),
(63, 17, 38, NULL),
(63, 17, 39, NULL),
(63, 17, 40, NULL),
(63, 17, 41, NULL),
(63, 17, 42, NULL),
(63, 17, 43, NULL),
(63, 17, 44, NULL),
(63, 17, 45, NULL),
(63, 17, 46, NULL),
(63, 17, 47, NULL),
(63, 18, 13, NULL),
(63, 18, 14, NULL),
(63, 18, 15, NULL),
(63, 18, 16, NULL),
(63, 18, 17, NULL),
(63, 18, 48, NULL),
(63, 18, 49, NULL),
(63, 18, 50, NULL),
(63, 18, 51, NULL),
(63, 18, 52, NULL),
(63, 19, 7, NULL),
(63, 19, 8, NULL),
(63, 19, 9, NULL),
(63, 19, 10, NULL),
(63, 19, 53, NULL),
(63, 19, 54, NULL),
(63, 19, 55, NULL),
(63, 19, 11, NULL),
(63, 19, 12, NULL),
(63, 19, 56, NULL),
(64, 15, 18, 2),
(64, 15, 19, 2),
(64, 15, 20, 2),
(64, 15, 21, 2),
(64, 15, 22, 2),
(64, 15, 23, 4),
(64, 15, 24, 4),
(64, 15, 25, 4),
(64, 15, 26, 2),
(64, 15, 27, 4),
(64, 16, 28, 2),
(64, 16, 29, 2),
(64, 16, 30, 2),
(64, 16, 31, 2),
(64, 16, 32, 1),
(64, 16, 33, 2),
(64, 16, 34, 4),
(64, 16, 35, 4),
(64, 16, 36, 4),
(64, 16, 37, 4),
(64, 17, 38, 2),
(64, 17, 39, 4),
(64, 17, 40, 2),
(64, 17, 41, 2),
(64, 17, 42, 2),
(64, 17, 43, 4),
(64, 17, 44, 5),
(64, 17, 45, 4),
(64, 17, 46, 5),
(64, 17, 47, 2),
(64, 18, 13, 5),
(64, 18, 14, 2),
(64, 18, 15, 4),
(64, 18, 16, 1),
(64, 18, 17, 4),
(64, 18, 48, 4),
(64, 18, 49, 4),
(64, 18, 50, 4),
(64, 18, 51, 4),
(64, 18, 52, 4),
(64, 19, 7, 4),
(64, 19, 8, 4),
(64, 19, 9, 4),
(64, 19, 10, 4),
(64, 19, 53, 4),
(64, 19, 54, 3),
(64, 19, 55, 4),
(64, 19, 11, 4),
(64, 19, 12, 2),
(64, 19, 56, 2),
(65, 15, 18, NULL),
(65, 15, 19, NULL),
(65, 15, 20, NULL),
(65, 15, 21, NULL),
(65, 15, 22, NULL),
(65, 15, 23, NULL),
(65, 15, 24, NULL),
(65, 15, 25, NULL),
(65, 15, 26, NULL),
(65, 15, 27, NULL),
(65, 16, 28, NULL),
(65, 16, 29, NULL),
(65, 16, 30, NULL),
(65, 16, 31, NULL),
(65, 16, 32, NULL),
(65, 16, 33, NULL),
(65, 16, 34, NULL),
(65, 16, 35, NULL),
(65, 16, 36, NULL),
(65, 16, 37, NULL),
(65, 17, 38, NULL),
(65, 17, 39, NULL),
(65, 17, 40, NULL),
(65, 17, 41, NULL),
(65, 17, 42, NULL),
(65, 17, 43, NULL),
(65, 17, 44, NULL),
(65, 17, 45, NULL),
(65, 17, 46, NULL),
(65, 17, 47, NULL),
(65, 18, 13, NULL),
(65, 18, 14, NULL),
(65, 18, 15, NULL),
(65, 18, 16, NULL),
(65, 18, 17, NULL),
(65, 18, 48, NULL),
(65, 18, 49, NULL),
(65, 18, 50, NULL),
(65, 18, 51, NULL),
(65, 18, 52, NULL),
(65, 19, 7, NULL),
(65, 19, 8, NULL),
(65, 19, 9, NULL),
(65, 19, 10, NULL),
(65, 19, 53, NULL),
(65, 19, 54, NULL),
(65, 19, 55, NULL),
(65, 19, 11, NULL),
(65, 19, 12, NULL),
(65, 19, 56, NULL),
(66, 15, 18, 2),
(66, 15, 19, 2),
(66, 15, 20, 4),
(66, 15, 21, 2),
(66, 15, 22, 4),
(66, 15, 23, 4),
(66, 15, 24, 4),
(66, 15, 25, 4),
(66, 15, 26, 3),
(66, 15, 27, 4),
(66, 16, 28, 2),
(66, 16, 29, 2),
(66, 16, 30, 2),
(66, 16, 31, 2),
(66, 16, 32, 2),
(66, 16, 33, 2),
(66, 16, 34, 4),
(66, 16, 35, 4),
(66, 16, 36, 4),
(66, 16, 37, 4),
(66, 17, 38, 2),
(66, 17, 39, 4),
(66, 17, 40, 4),
(66, 17, 41, 2),
(66, 17, 42, 2),
(66, 17, 43, 5),
(66, 17, 44, 5),
(66, 17, 45, 4),
(66, 17, 46, 5),
(66, 17, 47, 4),
(66, 18, 13, 4),
(66, 18, 14, 4),
(66, 18, 15, 4),
(66, 18, 16, 2),
(66, 18, 17, 4),
(66, 18, 48, 4),
(66, 18, 49, 4),
(66, 18, 50, 3),
(66, 18, 51, 4),
(66, 18, 52, 3),
(66, 19, 7, 4),
(66, 19, 8, 4),
(66, 19, 9, 4),
(66, 19, 10, 4),
(66, 19, 53, 4),
(66, 19, 54, 3),
(66, 19, 55, 4),
(66, 19, 11, 3),
(66, 19, 12, 4),
(66, 19, 56, 4),
(67, 15, 18, NULL),
(67, 15, 19, NULL),
(67, 15, 20, NULL),
(67, 15, 21, NULL),
(67, 15, 22, NULL),
(67, 15, 23, NULL),
(67, 15, 24, NULL),
(67, 15, 25, NULL),
(67, 15, 26, NULL),
(67, 15, 27, NULL),
(67, 16, 28, NULL),
(67, 16, 29, NULL),
(67, 16, 30, NULL),
(67, 16, 31, NULL),
(67, 16, 32, NULL),
(67, 16, 33, NULL),
(67, 16, 34, NULL),
(67, 16, 35, NULL),
(67, 16, 36, NULL),
(67, 16, 37, NULL),
(67, 17, 38, NULL),
(67, 17, 39, NULL),
(67, 17, 40, NULL),
(67, 17, 41, NULL),
(67, 17, 42, NULL),
(67, 17, 43, NULL),
(67, 17, 44, NULL),
(67, 17, 45, NULL),
(67, 17, 46, NULL),
(67, 17, 47, NULL),
(67, 18, 13, NULL),
(67, 18, 14, NULL),
(67, 18, 15, NULL),
(67, 18, 16, NULL),
(67, 18, 17, NULL),
(67, 18, 48, NULL),
(67, 18, 49, NULL),
(67, 18, 50, NULL),
(67, 18, 51, NULL),
(67, 18, 52, NULL),
(67, 19, 7, NULL),
(67, 19, 8, NULL),
(67, 19, 9, NULL),
(67, 19, 10, NULL),
(67, 19, 53, NULL),
(67, 19, 54, NULL),
(67, 19, 55, NULL),
(67, 19, 11, NULL),
(67, 19, 12, NULL),
(67, 19, 56, NULL),
(68, 15, 18, 2),
(68, 15, 19, 4),
(68, 15, 20, 4),
(68, 15, 21, 1),
(68, 15, 22, 4),
(68, 15, 23, 5),
(68, 15, 24, 2),
(68, 15, 25, 4),
(68, 15, 26, 4),
(68, 15, 27, 4),
(68, 16, 28, 5),
(68, 16, 29, 5),
(68, 16, 30, 3),
(68, 16, 31, 4),
(68, 16, 32, 4),
(68, 16, 33, 5),
(68, 16, 34, 3),
(68, 16, 35, 1),
(68, 16, 36, 2),
(68, 16, 37, 4),
(68, 17, 38, 2),
(68, 17, 39, 4),
(68, 17, 40, 3),
(68, 17, 41, 4),
(68, 17, 42, 2),
(68, 17, 43, 5),
(68, 17, 44, 1),
(68, 17, 45, 3),
(68, 17, 46, 2),
(68, 17, 47, 1),
(68, 18, 13, 3),
(68, 18, 14, 3),
(68, 18, 15, 3),
(68, 18, 16, 4),
(68, 18, 17, 3),
(68, 18, 48, 2),
(68, 18, 49, 3),
(68, 18, 50, 3),
(68, 18, 51, 1),
(68, 18, 52, 3),
(68, 19, 7, 2),
(68, 19, 8, 3),
(68, 19, 9, 3),
(68, 19, 10, 4),
(68, 19, 53, 2),
(68, 19, 54, 4),
(68, 19, 55, 3),
(68, 19, 11, 2),
(68, 19, 12, 2),
(68, 19, 56, 3),
(69, 15, 18, 1),
(69, 15, 19, 5),
(69, 15, 20, 4),
(69, 15, 21, 1),
(69, 15, 22, 3),
(69, 15, 23, 5),
(69, 15, 24, 3),
(69, 15, 25, 5),
(69, 15, 26, 3),
(69, 15, 27, 4),
(69, 16, 28, 4),
(69, 16, 29, 5),
(69, 16, 30, 4),
(69, 16, 31, 4),
(69, 16, 32, 5),
(69, 16, 33, 5),
(69, 16, 34, 2),
(69, 16, 35, 1),
(69, 16, 36, 3),
(69, 16, 37, 5),
(69, 17, 38, 4),
(69, 17, 39, 5),
(69, 17, 40, 3),
(69, 17, 41, 3),
(69, 17, 42, 4),
(69, 17, 43, 4),
(69, 17, 44, 1),
(69, 17, 45, 3),
(69, 17, 46, 1),
(69, 17, 47, 1),
(69, 18, 13, 4),
(69, 18, 14, 3),
(69, 18, 15, 1),
(69, 18, 16, 5),
(69, 18, 17, 4),
(69, 18, 48, 1),
(69, 18, 49, 2),
(69, 18, 50, 2),
(69, 18, 51, 1),
(69, 18, 52, 5),
(69, 19, 7, 4),
(69, 19, 8, 4),
(69, 19, 9, 4),
(69, 19, 10, 4),
(69, 19, 53, 2),
(69, 19, 54, 4),
(69, 19, 55, 4),
(69, 19, 11, 2),
(69, 19, 12, 2),
(69, 19, 56, 2),
(70, 15, 18, NULL),
(70, 15, 19, 3),
(70, 15, 20, NULL),
(70, 15, 21, NULL),
(70, 15, 22, NULL),
(70, 15, 23, NULL),
(70, 15, 24, NULL),
(70, 15, 25, 2),
(70, 15, 26, 4),
(70, 15, 27, 4),
(70, 16, 28, 5),
(70, 16, 29, 4),
(70, 16, 30, 4),
(70, 16, 31, 4),
(70, 16, 32, 4),
(70, 16, 33, NULL),
(70, 16, 34, 2),
(70, 16, 35, NULL),
(70, 16, 36, NULL),
(70, 16, 37, NULL),
(70, 17, 38, 4),
(70, 17, 39, 5),
(70, 17, 40, NULL),
(70, 17, 41, NULL),
(70, 17, 42, 5),
(70, 17, 43, NULL),
(70, 17, 44, 4),
(70, 17, 45, NULL),
(70, 17, 46, NULL),
(70, 17, 47, 4),
(70, 18, 13, NULL),
(70, 18, 14, NULL),
(70, 18, 15, NULL),
(70, 18, 16, NULL),
(70, 18, 17, 4),
(70, 18, 48, NULL),
(70, 18, 49, NULL),
(70, 18, 50, NULL),
(70, 18, 51, 5),
(70, 18, 52, NULL),
(70, 19, 7, 4),
(70, 19, 8, 3),
(70, 19, 9, NULL),
(70, 19, 10, 4),
(70, 19, 53, 4),
(70, 19, 54, NULL),
(70, 19, 55, 5),
(70, 19, 11, NULL),
(70, 19, 12, NULL),
(70, 19, 56, 4),
(71, 15, 18, NULL),
(71, 15, 19, NULL),
(71, 15, 20, NULL),
(71, 15, 21, NULL),
(71, 15, 22, NULL),
(71, 15, 23, NULL),
(71, 15, 24, NULL),
(71, 15, 25, NULL),
(71, 15, 26, NULL),
(71, 15, 27, NULL),
(71, 16, 28, NULL),
(71, 16, 29, NULL),
(71, 16, 30, NULL),
(71, 16, 31, NULL),
(71, 16, 32, NULL),
(71, 16, 33, NULL),
(71, 16, 34, NULL),
(71, 16, 35, NULL),
(71, 16, 36, NULL),
(71, 16, 37, NULL),
(71, 17, 38, NULL),
(71, 17, 39, NULL),
(71, 17, 40, NULL),
(71, 17, 41, NULL),
(71, 17, 42, NULL),
(71, 17, 43, NULL),
(71, 17, 44, NULL),
(71, 17, 45, NULL),
(71, 17, 46, NULL),
(71, 17, 47, NULL),
(71, 18, 13, NULL),
(71, 18, 14, NULL),
(71, 18, 15, NULL),
(71, 18, 16, NULL),
(71, 18, 17, NULL),
(71, 18, 48, NULL),
(71, 18, 49, NULL),
(71, 18, 50, NULL),
(71, 18, 51, NULL),
(71, 18, 52, NULL),
(71, 19, 7, NULL),
(71, 19, 8, NULL),
(71, 19, 9, NULL),
(71, 19, 10, NULL),
(71, 19, 53, NULL),
(71, 19, 54, NULL),
(71, 19, 55, NULL),
(71, 19, 11, NULL),
(71, 19, 12, NULL),
(71, 19, 56, NULL);

-- --------------------------------------------------------

--
-- Table structure for table `personality_record`
--

CREATE TABLE IF NOT EXISTS `personality_record` (
  `record_id` int(11) NOT NULL,
  `personality_id` int(11) NOT NULL,
  `selected_personality` int(11) default NULL,
  `rank` varchar(30) default NULL,
  `attitude` varchar(30) default NULL,
  `average` double default NULL
) ENGINE=MyISAM DEFAULT CHARSET=latin1;

--
-- Dumping data for table `personality_record`
--

INSERT INTO `personality_record` (`record_id`, `personality_id`, `selected_personality`, `rank`, `attitude`, `average`) VALUES
(24, 15, 0, 'Niether', 'Positive and Negative', NULL),
(24, 16, 0, '', '', NULL),
(24, 17, 0, '', '', NULL),
(24, 18, 0, 'Niether', 'Positive and Negative', NULL),
(24, 19, 0, 'Niether', 'Positive and Negative', NULL),
(25, 15, 0, '', '', NULL),
(25, 16, 0, '', '', NULL),
(25, 17, 0, '', '', NULL),
(25, 18, 0, '', '', NULL),
(25, 19, 0, '', '', NULL),
(26, 15, 0, '', '', NULL),
(26, 16, 0, '', '', NULL),
(26, 17, 0, '', '', NULL),
(26, 18, 0, '', '', NULL),
(26, 19, 0, '', '', NULL),
(27, 15, 0, 'Niether', 'Positive and Negative', NULL),
(27, 16, 0, '', '', NULL),
(27, 17, 0, '', '', NULL),
(27, 18, 0, 'Strongly', 'Negative', NULL),
(27, 19, 0, 'Strongly', 'Negative', NULL),
(28, 15, 0, 'Niether', 'Positive and Negative', NULL),
(28, 16, 0, '', '', NULL),
(28, 17, 0, '', '', NULL),
(28, 18, 0, '', '', NULL),
(28, 19, 0, 'Niether', 'Positive and Negative', NULL),
(29, 15, 0, '', '', NULL),
(29, 16, 0, '', '', NULL),
(29, 17, 0, '', '', NULL),
(29, 18, 0, '', '', NULL),
(29, 19, 0, '', '', NULL),
(30, 15, 0, 'Niether', 'Positive and Negative', NULL),
(30, 16, 0, '', '', NULL),
(30, 17, 0, '', '', NULL),
(30, 18, 0, 'Niether', 'Positive and Negative', NULL),
(30, 19, 0, 'Niether', 'Positive and Negative', NULL),
(31, 15, 0, 'Mildly', 'Positive', NULL),
(31, 16, 0, '', '', NULL),
(31, 17, 0, '', '', NULL),
(31, 18, 0, '', '', NULL),
(31, 19, 0, 'Niether', 'Positive and Negative', NULL),
(32, 15, 0, 'Niether', 'Positive and Negative', NULL),
(32, 16, 0, '', '', NULL),
(32, 17, 0, '', '', NULL),
(32, 18, 0, 'Niether', 'Positive and Negative', NULL),
(32, 19, 0, '', '', NULL),
(33, 15, 0, '', '', NULL),
(33, 16, 0, '', '', NULL),
(33, 17, 0, '', '', NULL),
(33, 18, 0, '', '', NULL),
(33, 19, 0, '', '', NULL),
(38, 15, 0, 'Niether', 'Positive and Negative', NULL),
(38, 16, 0, '', '', NULL),
(38, 17, 0, '', '', NULL),
(38, 18, 0, 'Niether', 'Positive and Negative', NULL),
(38, 19, 0, 'Niether', 'Positive and Negative', NULL),
(39, 15, 0, '', '', NULL),
(39, 16, 0, '', '', NULL),
(39, 17, 0, '', '', NULL),
(39, 18, 0, '', '', NULL),
(39, 19, 0, '', '', NULL),
(40, 15, 20, 'Strongly', 'Positive', NULL),
(40, 16, 0, 'Mildly', 'Positive', NULL),
(40, 17, 0, 'Niether', 'Positive nor Negative', NULL),
(40, 18, 0, 'Strongly', 'Negative', NULL),
(40, 19, 23, 'Strongly', 'Negative', NULL),
(42, 15, 20, 'Strongly', 'Positive', NULL),
(42, 16, 0, '', '', NULL),
(42, 17, 0, '', '', NULL),
(42, 18, 0, 'Niether', 'Positive and Negative', NULL),
(42, 19, 0, 'Niether', 'Positive and Negative', NULL),
(43, 15, 0, 'Niether', 'Positive and Negative', NULL),
(43, 16, 0, '', '', NULL),
(43, 17, 0, '', '', NULL),
(43, 18, 0, 'Strongly', 'Negative', NULL),
(43, 19, 0, 'Niether', 'Positive and Negative', NULL),
(51, 15, NULL, NULL, NULL, NULL),
(51, 16, NULL, NULL, NULL, NULL),
(51, 17, NULL, NULL, NULL, NULL),
(51, 18, NULL, NULL, NULL, NULL),
(51, 19, NULL, NULL, NULL, NULL),
(52, 15, NULL, NULL, NULL, NULL),
(52, 16, 0, '', '', NULL),
(52, 17, 0, '', '', NULL),
(52, 18, 0, 'Niether', 'Positive and Negative', NULL),
(52, 19, 0, 'Niether', 'Positive and Negative', NULL),
(53, 15, 0, '', '', NULL),
(53, 16, 0, '', '', NULL),
(53, 17, 0, '', '', NULL),
(53, 18, 0, '', '', NULL),
(53, 19, 0, '', '', NULL),
(54, 15, 0, '', '', NULL),
(54, 16, 0, '', '', NULL),
(54, 17, 0, '', '', NULL),
(54, 18, 0, '', '', NULL),
(54, 19, 0, '', '', NULL),
(55, 15, 0, '', '', NULL),
(55, 16, 0, '', '', NULL),
(55, 17, 0, '', '', NULL),
(55, 18, 0, '', '', NULL),
(55, 19, 0, '', '', NULL),
(56, 15, 0, '', '', NULL),
(56, 16, 0, '', '', NULL),
(56, 17, 0, '', '', NULL),
(56, 18, 0, '', '', NULL),
(56, 19, 0, '', '', NULL),
(57, 15, 0, '', '', NULL),
(57, 16, 0, '', '', NULL),
(57, 17, 0, '', '', NULL),
(57, 18, 0, '', '', NULL),
(57, 19, 0, '', '', NULL),
(58, 15, 0, '', '', NULL),
(58, 16, 0, '', '', NULL),
(58, 17, 0, '', '', NULL),
(58, 18, 0, '', '', NULL),
(58, 19, 0, '', '', NULL),
(59, 15, 0, '', '', NULL),
(59, 16, 0, '', '', NULL),
(59, 17, 0, '', '', NULL),
(59, 18, 0, '', '', NULL),
(59, 19, 0, '', '', NULL),
(60, 15, NULL, NULL, NULL, NULL),
(60, 16, NULL, NULL, NULL, NULL),
(60, 17, NULL, NULL, NULL, NULL),
(60, 18, NULL, NULL, NULL, NULL),
(60, 19, NULL, NULL, NULL, NULL),
(61, 15, 0, 'Niether', 'Positive and Negative', NULL),
(61, 16, 0, 'Niether', 'Positive and Negative', NULL),
(61, 17, 0, 'Niether', 'Positive and Negative', NULL),
(61, 18, 0, 'Niether', 'Positive and Negative', NULL),
(61, 19, 0, 'Niether', 'Positive and Negative', NULL),
(62, 15, 20, 'Strongly', 'Positive', NULL),
(62, 16, 24, 'Mildly', 'Positive', NULL),
(62, 17, 26, 'Mildly', 'Positive', NULL),
(62, 18, 30, 'Strongly', 'Negative', NULL),
(62, 19, 0, 'Niether', 'Positive and Negative', NULL),
(63, 15, NULL, NULL, NULL, NULL),
(63, 16, NULL, NULL, NULL, NULL),
(63, 17, NULL, NULL, NULL, NULL),
(63, 18, NULL, NULL, NULL, NULL),
(63, 19, NULL, NULL, NULL, NULL),
(64, 15, 21, 'Mildly', 'Negative', NULL),
(64, 16, 25, 'Strongly', 'Negative', NULL),
(64, 17, 27, 'Mildly', 'Negative', NULL),
(64, 18, 0, 'Niether', 'Positive and Negative', NULL),
(64, 19, 23, 'Mildly', 'Positive', NULL),
(65, 18, 0, 'Niether', 'Positive and Negative', NULL),
(65, 17, 0, 'Niether', 'Positive and Negative', NULL),
(65, 16, 0, 'Niether', 'Positive and Negative', NULL),
(65, 15, 0, 'Niether', 'Positive and Negative', NULL),
(65, 19, 0, 'Niether', 'Positive and Negative', NULL),
(66, 15, 21, 'Mildly', 'Negative', 0.54),
(66, 16, 25, 'Mildly', 'Negative', 0.6),
(66, 17, 27, 'Mildly', 'Negative', 0.43333333333333),
(66, 18, 29, 'Mildly', 'Positive', 0.45),
(66, 19, 0, 'Niether', 'Positive and Negative', 0.44761904761905),
(67, 15, 0, 'Niether', 'Positive and Negative', 0),
(67, 16, 0, 'Niether', 'Positive and Negative', 0),
(67, 17, 0, 'Niether', 'Positive and Negative', 0),
(67, 18, 0, 'Niether', 'Positive and Negative', 0),
(67, 19, 0, 'Niether', 'Positive and Negative', 0),
(68, 15, 0, 'Niether', 'Positive and Negative', 0.52),
(68, 16, 24, 'Strongly', 'Positive', 0.51666666666667),
(68, 17, 26, 'Mildly', 'Positive', 0.69166666666667),
(68, 18, 0, 'Niether', 'Positive and Negative', 0.625),
(68, 19, 23, 'Mildly', 'Positive', 0.66666666666667),
(69, 15, 21, 'Mildly', 'Negative', 0.52),
(69, 16, 24, 'Strongly', 'Positive', 0.475),
(69, 17, 26, 'Strongly', 'Positive', 0.66666666666667),
(69, 18, 29, 'Mildly', 'Positive', 0.5875),
(69, 19, 23, 'Mildly', 'Positive', 0.62857142857143),
(70, 15, 0, 'Niether', 'Positive and Negative', 0.56666666666667),
(70, 16, 24, 'Strongly', 'Positive', 0.58),
(70, 17, 0, 'Niether', 'Positive and Negative', 0.33333333333333),
(70, 18, 0, 'Niether', 'Positive and Negative', 0.15),
(70, 19, 0, 'Niether', 'Positive and Negative', 0.4),
(71, 15, NULL, NULL, NULL, NULL),
(71, 16, NULL, NULL, NULL, NULL),
(71, 17, NULL, NULL, NULL, NULL),
(71, 18, NULL, NULL, NULL, NULL),
(71, 19, NULL, NULL, NULL, NULL);

-- --------------------------------------------------------

--
-- Table structure for table `personality_test`
--

CREATE TABLE IF NOT EXISTS `personality_test` (
  `test_id` int(11) NOT NULL auto_increment,
  `personality_id` int(11) NOT NULL,
  `test_item` varchar(250) NOT NULL,
  `test_factor` varchar(10) NOT NULL,
  `test_date` datetime NOT NULL,
  `test_last_update` datetime default NULL,
  PRIMARY KEY  (`test_id`)
) ENGINE=MyISAM  DEFAULT CHARSET=latin1 AUTO_INCREMENT=57 ;

--
-- Dumping data for table `personality_test`
--

INSERT INTO `personality_test` (`test_id`, `personality_id`, `test_item`, `test_factor`, `test_date`, `test_last_update`) VALUES
(7, 19, 'Have a rich vocabulary', 'Positive', '2010-03-24 03:35:01', '0000-00-00 00:00:00'),
(8, 19, 'Have a vivid imagination.', 'Positive', '2010-03-24 03:35:11', '0000-00-00 00:00:00'),
(9, 19, 'Have excellent ideas.', 'Positive', '2010-03-24 03:35:26', '0000-00-00 00:00:00'),
(10, 19, 'Am quick to understand things.', 'Positive', '2010-03-24 03:35:38', '0000-00-00 00:00:00'),
(11, 19, 'Have difficulty understanding abstract ideas.', 'Negative', '2010-03-24 03:35:55', '0000-00-00 00:00:00'),
(12, 19, 'Am not interested in abstract ideas.', 'Negative', '2010-03-24 03:36:12', '0000-00-00 00:00:00'),
(13, 18, 'Am relaxed most of the time', 'Positive', '2010-03-24 03:36:36', '0000-00-00 00:00:00'),
(14, 18, 'Seldom feel blue', 'Positive ', '2010-03-24 03:36:47', '2010-08-01 11:41:12'),
(15, 18, 'Get stressed out easily', 'Negative ', '2010-03-24 03:36:56', '2010-08-01 11:41:29'),
(16, 18, 'Worry about things.', 'Negative ', '2010-03-24 03:37:10', '2010-03-24 03:37:14'),
(17, 18, 'Am easily disturbed', 'Negative ', '2010-03-24 03:37:25', '2010-08-01 11:41:40'),
(18, 15, 'Am the life of the party.', 'Positive', '2010-03-24 19:12:25', '0000-00-00 00:00:00'),
(19, 15, 'Feel comfortable around people', 'Positive', '2010-03-24 19:12:33', '0000-00-00 00:00:00'),
(20, 15, 'Start conversations.', 'Positive', '2010-03-24 19:12:40', '0000-00-00 00:00:00'),
(21, 15, 'Talk to a lot of different people at parties.', 'Positive', '2010-03-24 19:12:46', '0000-00-00 00:00:00'),
(22, 15, 'Don''t mind being the center of attention.', 'Positive', '2010-03-24 19:12:53', '0000-00-00 00:00:00'),
(23, 15, 'Don''t talk a lot.', 'Negative', '2010-03-24 19:13:00', '0000-00-00 00:00:00'),
(24, 15, 'Keep in the background.', 'Negative', '2010-03-24 19:13:08', '0000-00-00 00:00:00'),
(25, 15, 'Have little to say.', 'Negative', '2010-03-24 19:13:17', '0000-00-00 00:00:00'),
(26, 15, 'Don''t like to draw attention to myself', 'Negative', '2010-03-24 19:13:25', '0000-00-00 00:00:00'),
(27, 15, 'Am quiet around strangers.', 'Negative', '2010-03-24 19:13:33', '0000-00-00 00:00:00'),
(28, 16, 'Am interested in people', 'Positive', '2010-08-01 11:36:50', NULL),
(29, 16, 'Sympathize with others'' feelings.', 'Positive', '2010-08-01 11:37:06', NULL),
(30, 16, 'Have a soft heart.', 'Positive', '2010-08-01 11:37:15', NULL),
(31, 16, 'Take time out for others.', 'Positive', '2010-08-01 11:37:23', NULL),
(32, 16, 'Feel others'' emotions', 'Positive', '2010-08-01 11:37:31', NULL),
(33, 16, 'Make people feel at ease.', 'Positive', '2010-08-01 11:37:44', NULL),
(34, 16, 'Am not really interested in others.', 'Negative', '2010-08-01 11:37:55', NULL),
(35, 16, 'Insult people.', 'Negative', '2010-08-01 11:38:07', NULL),
(36, 16, 'Am not interested in other people''s problems', 'Negative', '2010-08-01 11:38:18', NULL),
(37, 16, 'Feel little concern for others.', 'Negative', '2010-08-01 11:38:29', NULL),
(38, 17, 'Am always prepared.', 'Positive', '2010-08-01 11:38:46', NULL),
(39, 17, 'Pay attention to details.', 'Positive', '2010-08-01 11:38:55', NULL),
(40, 17, 'Get chores done right away.', 'Positive', '2010-08-01 11:39:06', NULL),
(41, 17, 'Like order.', 'Positive', '2010-08-01 11:39:13', NULL),
(42, 17, 'Follow a schedule.', 'Positive', '2010-08-01 11:39:26', NULL),
(43, 17, 'Am exacting in my work.', 'Positive', '2010-08-01 11:39:37', NULL),
(44, 17, 'Leave my belongings around.', 'Negative', '2010-08-01 11:39:46', NULL),
(45, 17, 'Make a mess of things.', 'Negative', '2010-08-01 11:39:57', NULL),
(46, 17, 'Often forget to put things back in their proper place.', 'Negative', '2010-08-01 11:40:11', NULL),
(47, 17, 'Shirk my duties.', 'Negative', '2010-08-01 11:40:22', NULL),
(48, 18, 'Get upset easily.', 'Negative', '2010-08-01 11:42:09', NULL),
(49, 18, 'Change my mood a lot.', 'Negative', '2010-08-01 11:42:19', NULL),
(50, 18, 'Have frequent mood swings.', 'Negative', '2010-08-01 11:42:28', NULL),
(51, 18, 'Get irritated easily.', 'Negative', '2010-08-01 11:42:38', NULL),
(52, 18, 'Often feel blue.', 'Negative', '2010-08-01 11:42:52', NULL),
(53, 19, 'Use difficult words.', 'Positive', '2010-08-01 11:44:19', NULL),
(54, 19, 'Spend time reflecting on things.', 'Positive', '2010-08-01 11:44:32', NULL),
(55, 19, 'Am full of ideas.', 'Positive', '2010-08-01 11:44:41', NULL),
(56, 19, 'Do not have a good imagination.', 'Negative', '2010-08-01 11:45:26', NULL);

-- --------------------------------------------------------

--
-- Table structure for table `question_answer`
--

CREATE TABLE IF NOT EXISTS `question_answer` (
  `question_id` int(11) NOT NULL,
  `answer_id` int(11) NOT NULL,
  `points` int(11) NOT NULL,
  `question_answer_date` datetime NOT NULL
) ENGINE=MyISAM DEFAULT CHARSET=latin1;

--
-- Dumping data for table `question_answer`
--

INSERT INTO `question_answer` (`question_id`, `answer_id`, `points`, `question_answer_date`) VALUES
(24, 78, 0, '2010-03-21 16:25:34'),
(22, 87, 0, '2010-03-21 16:23:05'),
(22, 88, 0, '2010-03-21 16:23:05'),
(23, 83, 0, '2010-03-21 16:24:07'),
(23, 84, 0, '2010-03-21 16:24:07'),
(23, 85, 0, '2010-03-21 16:24:07'),
(22, 89, 0, '2010-03-21 16:23:05'),
(19, 69, 0, '2010-03-21 16:20:38'),
(19, 70, 0, '2010-03-21 16:20:38'),
(19, 71, 0, '2010-03-21 16:20:38'),
(18, 61, 0, '2010-03-21 16:20:10'),
(21, 90, 0, '2010-03-21 16:21:43'),
(21, 91, 0, '2010-03-21 16:21:43'),
(20, 77, 0, '2010-03-21 16:21:15'),
(20, 78, 0, '2010-03-21 16:21:15'),
(20, 79, 0, '2010-03-21 16:21:15'),
(17, 73, 0, '2010-03-21 16:18:59'),
(17, 74, 0, '2010-03-21 16:18:59'),
(17, 75, 0, '2010-03-21 16:18:59'),
(18, 62, 0, '2010-03-21 16:20:10'),
(18, 63, 0, '2010-03-24 22:07:16'),
(26, 80, 0, '2010-03-21 16:27:08'),
(26, 81, 0, '2010-03-21 16:27:08'),
(26, 82, 0, '2010-03-21 16:27:08'),
(25, 65, 0, '2010-03-21 16:26:21'),
(25, 66, 0, '2010-03-21 16:26:21'),
(25, 67, 0, '2010-03-21 16:26:21'),
(24, 93, 0, '2010-03-21 16:25:34'),
(24, 94, 0, '2010-03-21 16:25:34'),
(21, 92, 0, '2010-03-21 16:21:43'),
(18, 64, 0, '2010-03-21 16:20:10'),
(25, 68, 0, '2010-03-30 14:27:33'),
(19, 72, 0, '2010-03-30 14:29:10'),
(17, 76, 0, '2010-03-30 14:31:41'),
(23, 86, 0, '2010-03-30 14:38:41'),
(28, 95, 10, '2010-08-02 15:45:26'),
(28, 96, 10, '2010-08-02 15:45:26'),
(28, 97, 10, '2010-08-02 15:45:26');

-- --------------------------------------------------------

--
-- Table structure for table `skill`
--

CREATE TABLE IF NOT EXISTS `skill` (
  `skill_id` int(11) NOT NULL auto_increment,
  `skill_parent_id` int(11) NOT NULL,
  `skill_name` varchar(100) NOT NULL,
  `skill_description` text NOT NULL,
  `skill_status` varchar(15) NOT NULL,
  `skill_items` int(11) NOT NULL,
  `skill_date` datetime NOT NULL,
  `skill_last_update` datetime default NULL,
  PRIMARY KEY  (`skill_id`)
) ENGINE=MyISAM  DEFAULT CHARSET=latin1 AUTO_INCREMENT=9 ;

--
-- Dumping data for table `skill`
--

INSERT INTO `skill` (`skill_id`, `skill_parent_id`, `skill_name`, `skill_description`, `skill_status`, `skill_items`, `skill_date`, `skill_last_update`) VALUES
(1, 0, 'English Skills', 'asdsadasddsfdsfdfsdasdadsadsad', 'Activate', 10, '2010-03-20 01:57:57', '2010-03-21 16:17:44'),
(4, 1, 'Verbal', 'This will test the verbal ability of the applicant.', 'Activate', 10, '2010-03-20 15:44:22', '0000-00-00 00:00:00'),
(5, 1, 'Non Verbal', 'dasdasdsad', 'Activate', 10, '2010-03-20 16:07:33', '0000-00-00 00:00:00'),
(6, 0, 'Managerial Skills', 'ksjdakldjalksjd', 'Deactivate', 5, '2010-03-21 19:18:25', '2010-03-25 12:56:15'),
(7, 0, 'IQ Tests', 'jdklsjdklasjd', 'Activate', 50, '2010-08-02 15:43:14', '2010-08-02 16:51:02'),
(8, 7, 'Mathematical Skills', 'jsdklasjd', 'Activate', 10, '2010-08-02 15:44:03', NULL);

-- --------------------------------------------------------

--
-- Table structure for table `skill_exam`
--

CREATE TABLE IF NOT EXISTS `skill_exam` (
  `skill_exam_id` int(11) NOT NULL auto_increment,
  `record_id` int(11) NOT NULL,
  `skill_id` int(11) NOT NULL,
  `question_id` int(11) NOT NULL,
  `answer_id` int(11) default NULL,
  PRIMARY KEY  (`skill_exam_id`)
) ENGINE=MyISAM  DEFAULT CHARSET=latin1 AUTO_INCREMENT=669 ;

--
-- Dumping data for table `skill_exam`
--

INSERT INTO `skill_exam` (`skill_exam_id`, `record_id`, `skill_id`, `question_id`, `answer_id`) VALUES
(62, 2, 1, 17, 41),
(61, 2, 1, 24, 52),
(60, 2, 1, 23, 0),
(59, 2, 1, 18, 18),
(58, 2, 1, 19, 25),
(57, 2, 1, 20, 45),
(56, 2, 1, 25, 40),
(55, 2, 1, 26, 57),
(54, 2, 1, 22, 47),
(53, 2, 1, 21, 29),
(63, 2, 1, 26, 57),
(64, 2, 1, 25, 40),
(65, 2, 1, 20, 45),
(66, 2, 1, 24, 52),
(67, 2, 1, 19, 25),
(68, 2, 1, 21, 29),
(69, 2, 1, 17, 41),
(70, 2, 1, 18, 18),
(71, 2, 1, 23, 0),
(72, 2, 1, 22, 47),
(73, 2, 1, 19, 25),
(74, 2, 1, 18, 18),
(75, 2, 1, 26, 57),
(76, 2, 1, 22, 47),
(77, 2, 1, 17, 41),
(78, 2, 1, 21, 29),
(79, 2, 1, 24, 52),
(80, 2, 1, 25, 40),
(81, 2, 1, 23, 0),
(82, 2, 1, 20, 45),
(142, 10, 1, 22, 47),
(141, 10, 1, 21, 29),
(140, 10, 1, 18, 18),
(139, 10, 1, 17, 41),
(138, 10, 1, 23, 0),
(137, 10, 1, 24, 52),
(136, 10, 1, 26, 57),
(135, 10, 1, 19, 25),
(134, 10, 1, 25, 40),
(133, 10, 1, 20, 45),
(132, 9, 1, 24, 52),
(131, 9, 1, 21, 29),
(130, 9, 1, 26, 57),
(129, 9, 1, 17, 41),
(128, 9, 1, 23, 0),
(127, 9, 1, 25, 40),
(126, 9, 1, 18, 18),
(125, 9, 1, 19, 25),
(124, 9, 1, 22, 47),
(123, 9, 1, 20, 45),
(122, 8, 1, 17, 41),
(121, 8, 1, 18, 18),
(120, 8, 1, 21, 29),
(119, 8, 1, 25, 40),
(118, 8, 1, 19, 25),
(117, 8, 1, 24, 52),
(116, 8, 1, 20, 45),
(115, 8, 1, 22, 47),
(114, 8, 1, 26, 57),
(113, 8, 1, 23, 0),
(143, 11, 1, 18, 18),
(144, 11, 1, 17, 41),
(145, 11, 1, 26, 57),
(146, 11, 1, 21, 29),
(147, 11, 1, 23, 0),
(148, 11, 1, 24, 52),
(149, 11, 1, 25, 40),
(150, 11, 1, 22, 47),
(151, 11, 1, 19, 25),
(152, 11, 1, 20, 45),
(153, 12, 1, 25, 40),
(154, 12, 1, 27, 58),
(155, 12, 1, 19, 25),
(156, 12, 1, 20, 45),
(157, 12, 1, 21, 29),
(158, 12, 1, 26, 57),
(159, 12, 1, 24, 52),
(160, 12, 1, 23, 0),
(161, 12, 1, 17, 41),
(162, 12, 1, 18, 18),
(163, 14, 1, 22, 47),
(164, 14, 1, 25, 40),
(165, 14, 1, 18, 18),
(166, 14, 1, 27, 58),
(167, 14, 1, 19, 25),
(168, 14, 1, 23, 0),
(169, 14, 1, 17, 41),
(170, 14, 1, 20, 45),
(171, 14, 1, 21, 29),
(172, 14, 1, 26, 57),
(173, 14, 6, 0, 0),
(174, 14, 6, 0, 0),
(175, 14, 6, 0, 0),
(176, 14, 6, 0, 0),
(177, 14, 6, 0, 0),
(178, 16, 1, 26, 57),
(179, 16, 1, 19, 25),
(180, 16, 1, 24, 52),
(181, 16, 1, 22, 47),
(182, 16, 1, 25, 40),
(183, 16, 1, 17, 41),
(184, 16, 1, 23, 0),
(185, 16, 1, 18, 18),
(186, 16, 1, 27, 58),
(187, 16, 1, 21, 29),
(188, 17, 1, 27, 58),
(189, 17, 1, 19, 25),
(190, 17, 1, 26, 57),
(191, 17, 1, 20, 45),
(192, 17, 1, 24, 52),
(193, 17, 1, 18, 18),
(194, 17, 1, 22, 47),
(195, 17, 1, 17, 41),
(196, 17, 1, 25, 40),
(197, 17, 1, 21, 29),
(198, 18, 1, 19, 25),
(199, 18, 1, 26, 57),
(200, 18, 1, 27, 58),
(201, 18, 1, 21, 29),
(202, 18, 1, 22, 47),
(203, 18, 1, 23, 0),
(204, 18, 1, 20, 45),
(205, 18, 1, 25, 40),
(206, 18, 1, 18, 18),
(207, 18, 1, 24, 52),
(208, 19, 1, 25, 40),
(209, 19, 1, 18, 18),
(210, 19, 1, 17, 41),
(211, 19, 1, 27, 58),
(212, 19, 1, 26, 57),
(213, 19, 1, 20, 45),
(214, 19, 1, 21, 29),
(215, 19, 1, 24, 52),
(216, 19, 1, 23, 0),
(217, 19, 1, 22, 47),
(218, 20, 1, 18, 18),
(219, 20, 1, 20, 22),
(220, 20, 1, 25, 40),
(221, 20, 1, 21, 29),
(222, 20, 1, 26, 57),
(223, 20, 1, 22, 47),
(224, 20, 1, 19, 25),
(225, 20, 1, 24, 52),
(226, 20, 1, 27, 58),
(227, 20, 1, 17, 41),
(228, 21, 1, 25, 40),
(229, 21, 1, 17, 43),
(230, 21, 1, 20, 45),
(231, 21, 1, 22, 46),
(232, 21, 1, 18, 17),
(233, 21, 1, 21, 28),
(234, 21, 1, 23, 50),
(235, 21, 1, 24, 52),
(236, 21, 1, 26, 56),
(237, 21, 1, 27, 58),
(238, 22, 1, 24, 0),
(239, 22, 1, 19, 0),
(240, 22, 1, 25, 0),
(241, 22, 1, 17, 0),
(242, 22, 1, 20, 0),
(243, 22, 1, 23, 0),
(244, 22, 1, 18, 0),
(245, 22, 1, 21, 0),
(246, 22, 1, 22, 0),
(247, 22, 1, 26, 0),
(248, 23, 1, 21, 0),
(249, 23, 1, 23, 0),
(250, 23, 1, 26, 0),
(251, 23, 1, 22, 0),
(252, 23, 1, 18, 0),
(253, 23, 1, 25, 0),
(254, 23, 1, 19, 0),
(255, 23, 1, 24, 0),
(256, 23, 1, 20, 0),
(257, 23, 1, 17, 0),
(258, 24, 1, 23, 50),
(259, 24, 1, 22, 46),
(260, 24, 1, 17, 43),
(261, 24, 1, 26, 55),
(262, 24, 1, 20, 0),
(263, 24, 1, 21, 0),
(264, 24, 1, 24, 0),
(265, 24, 1, 18, 0),
(266, 24, 1, 19, 0),
(267, 24, 1, 25, 0),
(268, 25, 1, 23, 0),
(269, 25, 1, 22, 0),
(270, 25, 1, 25, 0),
(271, 25, 1, 20, 0),
(272, 25, 1, 21, 0),
(273, 25, 1, 17, 0),
(274, 25, 1, 24, 0),
(275, 25, 1, 19, 0),
(276, 25, 1, 18, 0),
(277, 25, 1, 26, 0),
(278, 26, 1, 18, 18),
(279, 26, 1, 20, 22),
(280, 26, 1, 25, 18),
(281, 26, 1, 21, 28),
(282, 26, 1, 23, 50),
(283, 26, 1, 26, 55),
(284, 26, 1, 22, 47),
(285, 26, 1, 17, 41),
(286, 26, 1, 19, 25),
(287, 26, 1, 24, 52),
(288, 27, 1, 18, 18),
(289, 27, 1, 23, 49),
(290, 27, 1, 19, 25),
(291, 27, 1, 24, 52),
(292, 27, 1, 26, 57),
(293, 27, 1, 25, 40),
(294, 27, 1, 22, 47),
(295, 27, 1, 20, 22),
(296, 27, 1, 21, 29),
(297, 27, 1, 17, 41),
(298, 28, 1, 23, 50),
(299, 28, 1, 19, 25),
(300, 28, 1, 21, 28),
(301, 28, 1, 24, 0),
(302, 28, 1, 25, 0),
(303, 28, 1, 18, 0),
(304, 28, 1, 20, 0),
(305, 28, 1, 22, 0),
(306, 28, 1, 17, 0),
(307, 28, 1, 26, 0),
(308, 29, 1, 18, 17),
(309, 29, 1, 17, 43),
(310, 29, 1, 26, 57),
(311, 29, 1, 20, 23),
(312, 29, 1, 23, 0),
(313, 29, 1, 22, 0),
(314, 29, 1, 25, 0),
(315, 29, 1, 24, 0),
(316, 29, 1, 21, 0),
(317, 29, 1, 19, 0),
(318, 30, 1, 24, 52),
(319, 30, 1, 17, 43),
(320, 30, 1, 23, 50),
(321, 30, 1, 25, 0),
(322, 30, 1, 18, 0),
(323, 30, 1, 21, 46),
(324, 30, 1, 20, 22),
(325, 30, 1, 22, 48),
(326, 30, 1, 19, 18),
(327, 30, 1, 26, 57),
(328, 31, 1, 25, 40),
(329, 31, 1, 26, 56),
(330, 31, 1, 20, 22),
(331, 31, 1, 22, 46),
(332, 31, 1, 18, 17),
(333, 31, 1, 21, 46),
(334, 31, 1, 23, 50),
(335, 31, 1, 24, 52),
(336, 31, 1, 17, 43),
(337, 31, 1, 19, 17),
(338, 32, 1, 20, 23),
(339, 32, 1, 21, 29),
(340, 32, 1, 23, 50),
(341, 32, 1, 26, 0),
(342, 32, 1, 19, 0),
(343, 32, 1, 17, 0),
(344, 32, 1, 24, 0),
(345, 32, 1, 25, 0),
(346, 32, 1, 18, 0),
(347, 32, 1, 22, 0),
(348, 33, 1, 24, 0),
(349, 33, 1, 19, 0),
(350, 33, 1, 18, 0),
(351, 33, 1, 23, 0),
(352, 33, 1, 22, 0),
(353, 33, 1, 17, 0),
(354, 33, 1, 21, 0),
(355, 33, 1, 25, 0),
(356, 33, 1, 20, 0),
(357, 33, 1, 26, 0),
(358, 38, 1, 26, 57),
(359, 38, 1, 21, 46),
(360, 38, 1, 24, 52),
(361, 38, 1, 19, 17),
(362, 38, 1, 25, 40),
(363, 38, 1, 18, 0),
(364, 38, 1, 23, 0),
(365, 38, 1, 17, 0),
(366, 38, 1, 20, 0),
(367, 38, 1, 22, 0),
(368, 39, 1, 23, 0),
(369, 39, 1, 21, 0),
(370, 39, 1, 17, 0),
(371, 39, 1, 19, 0),
(372, 39, 1, 18, 0),
(373, 39, 1, 24, 0),
(374, 39, 1, 20, 0),
(375, 39, 1, 22, 0),
(376, 39, 1, 26, 0),
(377, 39, 1, 25, 0),
(378, 42, 1, 21, 0),
(379, 42, 1, 18, 17),
(380, 42, 1, 19, 17),
(381, 42, 1, 22, 46),
(382, 42, 1, 20, 45),
(383, 42, 1, 26, 56),
(384, 42, 1, 23, 50),
(385, 42, 1, 17, 43),
(386, 42, 1, 24, 52),
(387, 42, 1, 25, 40),
(388, 43, 1, 18, 17),
(389, 43, 1, 25, 40),
(390, 43, 1, 23, 49),
(391, 43, 1, 24, 54),
(392, 43, 1, 19, 25),
(393, 43, 1, 20, 22),
(394, 43, 1, 21, 29),
(395, 43, 1, 22, 48),
(396, 43, 1, 17, 43),
(397, 43, 1, 26, 56),
(398, 45, 1, 20, NULL),
(399, 45, 1, 21, NULL),
(400, 45, 1, 26, NULL),
(401, 45, 1, 25, NULL),
(402, 45, 1, 23, NULL),
(403, 45, 1, 24, NULL),
(404, 45, 1, 17, NULL),
(405, 45, 1, 18, NULL),
(406, 45, 1, 19, NULL),
(407, 45, 1, 22, NULL),
(408, 46, 1, 25, NULL),
(409, 46, 1, 19, NULL),
(410, 46, 1, 24, NULL),
(411, 46, 1, 23, NULL),
(412, 46, 1, 26, NULL),
(413, 46, 1, 18, NULL),
(414, 46, 1, 22, NULL),
(415, 46, 1, 20, NULL),
(416, 46, 1, 21, NULL),
(417, 46, 1, 17, NULL),
(418, 47, 1, 24, NULL),
(419, 47, 1, 19, NULL),
(420, 47, 1, 25, NULL),
(421, 47, 1, 21, NULL),
(422, 47, 1, 20, NULL),
(423, 47, 1, 17, NULL),
(424, 47, 1, 26, NULL),
(425, 47, 1, 18, NULL),
(426, 47, 1, 23, NULL),
(427, 47, 1, 22, NULL),
(428, 48, 1, 21, NULL),
(429, 48, 1, 18, NULL),
(430, 48, 1, 24, NULL),
(431, 48, 1, 22, NULL),
(432, 48, 1, 26, NULL),
(433, 48, 1, 17, NULL),
(434, 48, 1, 25, NULL),
(435, 48, 1, 19, NULL),
(436, 48, 1, 20, NULL),
(437, 48, 1, 23, NULL),
(438, 49, 1, 26, NULL),
(439, 49, 1, 20, NULL),
(440, 49, 1, 22, NULL),
(441, 49, 1, 19, NULL),
(442, 49, 1, 18, NULL),
(443, 49, 1, 21, NULL),
(444, 49, 1, 24, NULL),
(445, 49, 1, 17, NULL),
(446, 49, 1, 23, NULL),
(447, 49, 1, 25, NULL),
(448, 50, 1, 18, NULL),
(449, 50, 1, 26, NULL),
(450, 50, 1, 25, NULL),
(451, 50, 1, 20, NULL),
(452, 50, 1, 23, NULL),
(453, 50, 1, 19, NULL),
(454, 50, 1, 17, NULL),
(455, 50, 1, 22, NULL),
(456, 50, 1, 21, NULL),
(457, 50, 1, 24, NULL),
(458, 51, 1, 22, NULL),
(459, 51, 1, 20, NULL),
(460, 51, 1, 23, NULL),
(461, 51, 1, 19, NULL),
(462, 51, 1, 25, NULL),
(463, 51, 1, 24, NULL),
(464, 51, 1, 18, NULL),
(465, 51, 1, 17, NULL),
(466, 51, 1, 26, NULL),
(467, 51, 1, 21, NULL),
(468, 52, 1, 19, NULL),
(469, 52, 1, 22, NULL),
(470, 52, 1, 26, NULL),
(471, 52, 1, 23, NULL),
(472, 52, 1, 18, NULL),
(473, 52, 1, 21, NULL),
(474, 52, 1, 25, NULL),
(475, 52, 1, 20, NULL),
(476, 52, 1, 24, NULL),
(477, 52, 1, 17, NULL),
(478, 53, 1, 26, NULL),
(479, 53, 1, 18, NULL),
(480, 53, 1, 25, NULL),
(481, 53, 1, 22, NULL),
(482, 53, 1, 19, NULL),
(483, 53, 1, 17, NULL),
(484, 53, 1, 20, NULL),
(485, 53, 1, 24, NULL),
(486, 53, 1, 21, NULL),
(487, 53, 1, 23, NULL),
(488, 54, 1, 21, NULL),
(489, 54, 1, 22, NULL),
(490, 54, 1, 20, NULL),
(491, 54, 1, 26, NULL),
(492, 54, 1, 19, NULL),
(493, 54, 1, 25, NULL),
(494, 54, 1, 18, NULL),
(495, 54, 1, 24, NULL),
(496, 54, 1, 23, NULL),
(497, 54, 1, 17, NULL),
(498, 55, 1, 24, NULL),
(499, 55, 1, 21, NULL),
(500, 55, 1, 17, NULL),
(501, 55, 1, 19, NULL),
(502, 55, 1, 26, NULL),
(503, 55, 1, 25, NULL),
(504, 55, 1, 20, NULL),
(505, 55, 1, 18, NULL),
(506, 55, 1, 23, NULL),
(507, 55, 1, 22, NULL),
(508, 56, 1, 18, NULL),
(509, 56, 1, 25, NULL),
(510, 56, 1, 23, NULL),
(511, 56, 1, 22, NULL),
(512, 56, 1, 20, NULL),
(513, 56, 1, 26, NULL),
(514, 56, 1, 19, NULL),
(515, 56, 1, 24, NULL),
(516, 56, 1, 17, NULL),
(517, 56, 1, 21, NULL),
(518, 57, 1, 24, NULL),
(519, 57, 1, 21, NULL),
(520, 57, 1, 18, NULL),
(521, 57, 1, 26, NULL),
(522, 57, 1, 20, NULL),
(523, 57, 1, 25, NULL),
(524, 57, 1, 19, NULL),
(525, 57, 1, 22, NULL),
(526, 57, 1, 17, NULL),
(527, 57, 1, 23, NULL),
(528, 58, 1, 25, NULL),
(529, 58, 1, 23, NULL),
(530, 58, 1, 19, NULL),
(531, 58, 1, 17, NULL),
(532, 58, 1, 20, NULL),
(533, 58, 1, 22, NULL),
(534, 58, 1, 21, NULL),
(535, 58, 1, 24, NULL),
(536, 58, 1, 26, NULL),
(537, 58, 1, 18, NULL),
(538, 59, 1, 25, NULL),
(539, 59, 1, 17, NULL),
(540, 59, 1, 22, NULL),
(541, 59, 1, 26, NULL),
(542, 59, 1, 21, NULL),
(543, 59, 1, 23, NULL),
(544, 59, 1, 24, NULL),
(545, 59, 1, 19, NULL),
(546, 59, 1, 18, NULL),
(547, 59, 1, 20, NULL),
(548, 60, 1, 24, NULL),
(549, 60, 1, 20, NULL),
(550, 60, 1, 22, NULL),
(551, 60, 1, 17, NULL),
(552, 60, 1, 21, NULL),
(553, 60, 1, 19, NULL),
(554, 60, 1, 25, NULL),
(555, 60, 1, 26, NULL),
(556, 60, 1, 23, NULL),
(557, 60, 1, 18, NULL),
(558, 61, 1, 20, NULL),
(559, 61, 1, 17, NULL),
(560, 61, 1, 24, NULL),
(561, 61, 1, 25, NULL),
(562, 61, 1, 22, NULL),
(563, 61, 1, 23, NULL),
(564, 61, 1, 19, NULL),
(565, 61, 1, 26, NULL),
(566, 61, 1, 21, NULL),
(567, 61, 1, 18, NULL),
(568, 62, 1, 22, NULL),
(569, 62, 1, 24, NULL),
(570, 62, 1, 21, NULL),
(571, 62, 1, 26, NULL),
(572, 62, 1, 25, NULL),
(573, 62, 1, 20, NULL),
(574, 62, 1, 23, NULL),
(575, 62, 1, 17, NULL),
(576, 62, 1, 19, NULL),
(577, 62, 1, 18, NULL),
(578, 63, 1, 24, NULL),
(579, 63, 1, 23, NULL),
(580, 63, 1, 21, NULL),
(581, 63, 1, 26, NULL),
(582, 63, 1, 18, NULL),
(583, 63, 1, 22, NULL),
(584, 63, 1, 20, NULL),
(585, 63, 1, 17, NULL),
(586, 63, 1, 25, NULL),
(587, 63, 1, 19, NULL),
(588, 64, 1, 20, 78),
(589, 64, 1, 24, 78),
(590, 64, 1, 23, 85),
(591, 64, 1, 25, 67),
(592, 64, 1, 21, 90),
(593, 64, 1, 26, 81),
(594, 64, 1, 17, 76),
(595, 64, 1, 19, 71),
(596, 64, 1, 22, 88),
(597, 64, 1, 18, 64),
(598, 65, 1, 24, NULL),
(599, 65, 1, 21, NULL),
(600, 65, 1, 23, NULL),
(601, 65, 1, 25, NULL),
(602, 65, 1, 22, NULL),
(603, 65, 1, 18, NULL),
(604, 65, 1, 20, NULL),
(605, 65, 1, 17, NULL),
(606, 65, 1, 19, NULL),
(607, 65, 1, 26, NULL),
(608, 66, 1, 24, NULL),
(609, 66, 1, 19, NULL),
(610, 66, 1, 20, NULL),
(611, 66, 1, 26, NULL),
(612, 66, 1, 25, NULL),
(613, 66, 1, 18, NULL),
(614, 66, 1, 22, NULL),
(615, 66, 1, 21, NULL),
(616, 66, 1, 23, NULL),
(617, 66, 1, 17, NULL),
(618, 67, 1, 26, NULL),
(619, 67, 1, 21, NULL),
(620, 67, 1, 17, NULL),
(621, 67, 1, 18, NULL),
(622, 67, 1, 20, NULL),
(623, 67, 1, 23, NULL),
(624, 67, 1, 25, NULL),
(625, 67, 1, 19, NULL),
(626, 67, 1, 22, NULL),
(627, 67, 1, 24, NULL),
(628, 68, 1, 20, 78),
(629, 68, 1, 26, 82),
(630, 68, 1, 17, 74),
(631, 68, 1, 22, 88),
(632, 68, 1, 25, 68),
(633, 68, 1, 24, 93),
(634, 68, 1, 18, 61),
(635, 68, 1, 19, 71),
(636, 68, 1, 23, 85),
(637, 68, 1, 21, 90),
(638, 69, 1, 22, NULL),
(639, 69, 1, 26, NULL),
(640, 69, 1, 23, NULL),
(641, 69, 1, 19, NULL),
(642, 69, 1, 24, NULL),
(643, 69, 1, 18, NULL),
(644, 69, 1, 25, NULL),
(645, 69, 1, 17, NULL),
(646, 69, 1, 21, NULL),
(647, 69, 1, 20, NULL),
(648, 70, 1, 21, NULL),
(649, 70, 1, 20, NULL),
(650, 70, 1, 17, NULL),
(651, 70, 1, 19, NULL),
(652, 70, 1, 24, NULL),
(653, 70, 1, 23, NULL),
(654, 70, 1, 18, NULL),
(655, 70, 1, 26, 81),
(656, 70, 1, 25, 68),
(657, 70, 1, 22, 89),
(658, 71, 1, 21, NULL),
(659, 71, 1, 17, NULL),
(660, 71, 1, 24, NULL),
(661, 71, 1, 20, NULL),
(662, 71, 1, 25, NULL),
(663, 71, 1, 23, NULL),
(664, 71, 1, 26, NULL),
(665, 71, 1, 18, NULL),
(666, 71, 1, 19, NULL),
(667, 71, 1, 22, NULL),
(668, 71, 7, 28, NULL);

-- --------------------------------------------------------

--
-- Table structure for table `skill_question`
--

CREATE TABLE IF NOT EXISTS `skill_question` (
  `question_id` int(11) NOT NULL auto_increment,
  `skill_id` int(11) NOT NULL,
  `question` text NOT NULL,
  `question_choices` int(11) default NULL,
  `question_correct_ans` int(11) default NULL,
  `question_date` datetime NOT NULL,
  `question_last_update` datetime default NULL,
  PRIMARY KEY  (`question_id`)
) ENGINE=MyISAM  DEFAULT CHARSET=latin1 AUTO_INCREMENT=29 ;

--
-- Dumping data for table `skill_question`
--

INSERT INTO `skill_question` (`question_id`, `skill_id`, `question`, `question_choices`, `question_correct_ans`, `question_date`, `question_last_update`) VALUES
(17, 4, '<u>corner</u> the quarry', 4, 73, '2010-03-21 16:18:59', '2010-03-30 14:31:41'),
(18, 4, 'Ms. Rose <u>planning</u> to teach a course in biology\r\nnext summer.', 4, 64, '2010-03-21 16:20:10', '2010-03-30 14:23:02'),
(19, 4, '<u>embellish</u> the story', 4, 72, '2010-03-21 16:20:38', '2010-03-30 14:29:10'),
(20, 4, 'The driver needs to know the road, or _____ may become lost.', 3, 78, '2010-03-21 16:21:15', '2010-03-30 14:32:56'),
(21, 4, 'We want to leave for vacation in two days; _______, we have a week’s work to complete.', 3, 92, '2010-03-21 16:21:43', '2010-03-30 14:40:29'),
(22, 4, 'The performance went _____ well until one of the cast missed a cue.', 3, 89, '2010-03-21 16:23:05', '2010-03-30 14:39:44'),
(23, 4, 'People in British Columbia take advantage of many lakes; they like to swim, _________, and to fish.', 4, 85, '2010-03-21 16:24:07', '2010-03-30 14:38:41'),
(24, 4, 'George and _____ are bringing the beer.', 3, 78, '2010-03-21 16:25:34', '2010-03-30 14:41:21'),
(25, 4, '<u>tedious</u> job', 4, 67, '2010-03-21 16:26:21', '2010-03-30 14:27:33'),
(26, 4, 'Each of the dogs _____ had shots for distemper.', 3, 81, '2010-03-21 16:27:08', '2010-03-30 14:35:51'),
(28, 8, 'daskdjlkj', 3, 96, '2010-08-02 15:45:26', NULL);

-- --------------------------------------------------------

--
-- Table structure for table `skill_record`
--

CREATE TABLE IF NOT EXISTS `skill_record` (
  `record_id` int(11) NOT NULL,
  `skill_id` int(11) NOT NULL,
  `record_score` int(11) NOT NULL default '0',
  `record_items` int(11) NOT NULL default '0'
) ENGINE=MyISAM DEFAULT CHARSET=latin1;

--
-- Dumping data for table `skill_record`
--

INSERT INTO `skill_record` (`record_id`, `skill_id`, `record_score`, `record_items`) VALUES
(26, 1, 6, 10),
(26, 6, 0, 0),
(27, 1, 10, 10),
(27, 6, 0, 0),
(28, 1, 1, 10),
(28, 6, 0, 0),
(29, 1, 1, 10),
(29, 6, 0, 0),
(30, 1, 3, 10),
(30, 6, 0, 0),
(31, 1, 3, 10),
(31, 6, 0, 0),
(32, 1, 1, 10),
(32, 6, 0, 0),
(33, 1, 0, 10),
(33, 6, 0, 0),
(38, 1, 3, 10),
(39, 1, 0, 10),
(42, 1, 2, 10),
(43, 1, 5, 10),
(47, 1, 0, 0),
(48, 1, 0, 0),
(49, 1, 0, 0),
(50, 1, 0, 0),
(51, 1, 0, 0),
(52, 1, 0, 0),
(53, 1, 0, 10),
(54, 1, 0, 10),
(55, 1, 0, 10),
(56, 1, 0, 10),
(57, 1, 0, 10),
(58, 1, 0, 10),
(59, 1, 0, 10),
(60, 1, 0, 10),
(61, 1, 0, 10),
(62, 1, 0, 10),
(63, 1, 0, 10),
(64, 1, 6, 10),
(65, 1, 0, 10),
(66, 1, 0, 10),
(67, 1, 0, 10),
(68, 1, 2, 10),
(69, 1, 0, 10),
(70, 1, 2, 10),
(71, 1, 0, 10),
(71, 7, 0, 50);

-- --------------------------------------------------------

--
-- Table structure for table `test_choices`
--

CREATE TABLE IF NOT EXISTS `test_choices` (
  `test_id` int(11) NOT NULL,
  `choice_id` int(11) NOT NULL,
  `value` int(11) NOT NULL
) ENGINE=MyISAM DEFAULT CHARSET=latin1;

--
-- Dumping data for table `test_choices`
--

INSERT INTO `test_choices` (`test_id`, `choice_id`, `value`) VALUES
(7, 5, 1),
(7, 4, 2),
(7, 3, 3),
(7, 2, 4),
(7, 1, 5),
(8, 5, 1),
(8, 4, 2),
(8, 3, 3),
(8, 2, 4),
(8, 1, 5),
(9, 5, 1),
(9, 4, 2),
(9, 3, 3),
(9, 2, 4),
(9, 1, 5),
(10, 5, 1),
(10, 4, 2),
(10, 3, 3),
(10, 2, 4),
(10, 1, 5),
(11, 1, 5),
(11, 2, 4),
(11, 3, 3),
(11, 4, 2),
(11, 5, 1),
(12, 1, 5),
(12, 2, 4),
(12, 3, 3),
(12, 4, 2),
(12, 5, 1),
(13, 1, 5),
(13, 2, 4),
(13, 3, 3),
(13, 4, 2),
(13, 5, 1),
(14, 1, 5),
(14, 2, 4),
(14, 3, 3),
(14, 4, 2),
(14, 5, 1),
(15, 1, 5),
(15, 2, 4),
(15, 3, 3),
(15, 4, 2),
(15, 5, 1),
(16, 1, 5),
(16, 2, 4),
(16, 3, 3),
(16, 4, 2),
(16, 5, 1),
(17, 1, 5),
(17, 2, 4),
(17, 3, 3),
(17, 4, 2),
(17, 5, 1),
(18, 1, 5),
(18, 2, 4),
(18, 3, 3),
(18, 4, 2),
(18, 5, 1),
(19, 1, 5),
(19, 2, 4),
(19, 3, 3),
(19, 4, 2),
(19, 5, 1),
(20, 1, 5),
(20, 2, 4),
(20, 3, 3),
(20, 4, 2),
(20, 5, 1),
(21, 1, 5),
(21, 2, 4),
(21, 3, 3),
(21, 4, 2),
(21, 5, 1),
(22, 1, 5),
(22, 2, 4),
(22, 3, 3),
(22, 4, 2),
(22, 5, 1),
(23, 1, 5),
(23, 2, 4),
(23, 3, 3),
(23, 4, 2),
(23, 5, 1),
(24, 1, 5),
(24, 2, 4),
(24, 3, 3),
(24, 4, 2),
(24, 5, 1),
(25, 1, 5),
(25, 2, 4),
(25, 3, 3),
(25, 4, 2),
(25, 5, 1),
(26, 1, 5),
(26, 2, 4),
(26, 3, 3),
(26, 4, 2),
(26, 5, 1),
(27, 1, 5),
(27, 2, 4),
(27, 3, 3),
(27, 4, 2),
(27, 5, 1),
(28, 1, 5),
(28, 2, 4),
(28, 3, 3),
(28, 4, 2),
(28, 5, 1),
(29, 1, 5),
(29, 2, 4),
(29, 3, 3),
(29, 4, 2),
(29, 5, 1),
(30, 1, 5),
(30, 2, 4),
(30, 3, 3),
(30, 4, 2),
(30, 5, 1),
(31, 1, 5),
(31, 2, 4),
(31, 3, 3),
(31, 4, 2),
(31, 5, 1),
(32, 1, 5),
(32, 2, 4),
(32, 3, 3),
(32, 4, 2),
(32, 5, 1),
(33, 1, 5),
(33, 2, 4),
(33, 3, 3),
(33, 4, 2),
(33, 5, 1),
(34, 1, 5),
(34, 2, 4),
(34, 3, 3),
(34, 4, 2),
(34, 5, 1),
(35, 1, 5),
(35, 2, 4),
(35, 3, 3),
(35, 4, 2),
(35, 5, 1),
(36, 1, 5),
(36, 2, 4),
(36, 3, 3),
(36, 4, 2),
(36, 5, 1),
(37, 1, 5),
(37, 2, 4),
(37, 3, 3),
(37, 4, 2),
(37, 5, 1),
(38, 1, 5),
(38, 2, 4),
(38, 3, 3),
(38, 4, 2),
(38, 5, 1),
(39, 1, 5),
(39, 2, 4),
(39, 3, 3),
(39, 4, 2),
(39, 5, 1),
(40, 1, 5),
(40, 2, 4),
(40, 3, 3),
(40, 4, 2),
(40, 5, 1),
(41, 1, 5),
(41, 2, 4),
(41, 3, 3),
(41, 4, 2),
(41, 5, 1),
(42, 1, 5),
(42, 2, 4),
(42, 3, 3),
(42, 4, 2),
(42, 5, 1),
(43, 1, 5),
(43, 2, 4),
(43, 3, 3),
(43, 4, 2),
(43, 5, 1),
(44, 1, 5),
(44, 2, 4),
(44, 3, 3),
(44, 4, 2),
(44, 5, 1),
(45, 1, 5),
(45, 2, 4),
(45, 3, 3),
(45, 4, 2),
(45, 5, 1),
(46, 1, 5),
(46, 2, 4),
(46, 3, 3),
(46, 4, 2),
(46, 5, 1),
(47, 1, 5),
(47, 2, 4),
(47, 3, 3),
(47, 4, 2),
(47, 5, 1),
(48, 1, 5),
(48, 2, 4),
(48, 3, 3),
(48, 4, 2),
(48, 5, 1),
(49, 1, 5),
(49, 2, 4),
(49, 3, 3),
(49, 4, 2),
(49, 5, 1),
(50, 1, 5),
(50, 2, 4),
(50, 3, 3),
(50, 4, 2),
(50, 5, 1),
(51, 1, 5),
(51, 2, 4),
(51, 3, 3),
(51, 4, 2),
(51, 5, 1),
(52, 1, 5),
(52, 2, 4),
(52, 3, 3),
(52, 4, 2),
(52, 5, 1),
(53, 1, 5),
(53, 2, 4),
(53, 3, 3),
(53, 4, 2),
(53, 5, 1),
(54, 1, 5),
(54, 2, 4),
(54, 3, 3),
(54, 4, 2),
(54, 5, 1),
(55, 1, 5),
(55, 2, 4),
(55, 3, 3),
(55, 4, 2),
(55, 5, 1),
(56, 1, 5),
(56, 2, 4),
(56, 3, 3),
(56, 4, 2),
(56, 5, 1);

-- --------------------------------------------------------

--
-- Table structure for table `user`
--

CREATE TABLE IF NOT EXISTS `user` (
  `user_id` int(11) NOT NULL auto_increment,
  `user_name` varchar(20) NOT NULL,
  `user_password` varchar(32) NOT NULL,
  `user_regdate` datetime NOT NULL,
  `user_last_login` datetime default NULL,
  PRIMARY KEY  (`user_id`)
) ENGINE=MyISAM  DEFAULT CHARSET=latin1 AUTO_INCREMENT=5 ;

--
-- Dumping data for table `user`
--

INSERT INTO `user` (`user_id`, `user_name`, `user_password`, `user_regdate`, `user_last_login`) VALUES
(1, 'admin', '123456', '2010-03-19 23:26:47', '2010-03-20 00:49:20'),
(2, 'mrml', 'mrml233122', '2010-03-20 00:47:35', '2010-08-05 10:26:42'),
(3, 'jjbladera', 'queerguy', '2010-03-30 14:05:56', '2010-03-30 14:20:44'),
(4, 'sdsads', 'sdsds', '2010-08-02 15:47:08', NULL);
